,Professor,Audio File Name,Transcripts File Name,file size ,Audio_file_length
0,Prof.D.Roychoudhury,"['Lecture-2_Introduction.mp3', 'Lecture-3_Digital_Logic-I.mp3', 'Lecture-4_Digital_Logic-II.mp3']","['Lecture-4_Digital_Logic-II.txt', 'Lecture-3_Digital_Logic-I.txt', 'Lecture-2_Introduction.txt']",3,"[3544.9469387755103, 3544.450612244898, 3546.4097959183673]"
1,Prof._Swati_Sharma,"['Isotopes_of_carbon.mp3', 'Mathematical_Representation_of_Material_Properties.mp3', 'Introduction_to_Materials_and_Manufacturing.mp3', 'Story_of_Carbon_Carbon_in_Technology.mp3', 'Story_of_Carbon_Carbon_on_Earth_and_in_Outer_Space.mp3']","['Mathematical_Representation_of_Material_Properties.txt', 'Introduction_to_Materials_and_Manufacturing.txt', 'Story_of_Carbon_Carbon_on_Earth_and_in_Outer_Space.txt', 'Isotopes_of_carbon.txt', 'Story_of_Carbon_Carbon_in_Technology.txt']",5,"[1596.290612244898, 791.3012244897959, 2023.7061224489796, 1425.3714285714286, 1820.4995918367347]"
2,Prof._Shakuntala_Mahanta,"['Lec_3_Articulation_of_vowels.mp3', 'Lec_2_Articulation_of_consonants_2.mp3', 'Lec_1_Articulation_of_consonants_1.mp3']","['Lec_3_Articulation_of_vowels.txt', 'Lec_2_Articulation_of_consonants_2.txt', 'Lec_1_Articulation_of_consonants_1.txt']",3,"[2394.4620408163264, 3085.871020408163, 3045.4595918367345]"
3,Prof._Barnali_Nag,"['Lecture_9_Elasticity_of_Supply.mp3', 'Lecture_7_Determinants_of_Elasticity_of_Demand.mp3', 'Lecture_8_Elasticity_and_Revenue.mp3', 'Lecture_10_Demand_Supply_and_Government_Policies.mp3', 'Lecture_6_Elasticity_of_Demand_and_Supply.mp3']","['Lecture_7_Determinants_of_Elasticity_of_Demand.txt', 'Lecture_6_Elasticity_of_Demand_and_Supply.txt', 'Lecture_9_Elasticity_of_Supply.txt', 'Lecture_10_Demand_Supply_and_Government_Policies.txt', 'Lecture_8_Elasticity_and_Revenue.txt']",5,"[1831.941224489796, 1689.0514285714285, 1530.6971428571428, 1783.9804081632653, 1610.24]"
4,Prof._Pavitra_Sandilya,"['mod01lec02.mp3', 'mod01lec04.mp3', 'mod01lec03.mp3', 'mod01lec05.mp3', 'mod01lec01.mp3']","['mod01lec02.txt', 'mod01lec04.txt', 'mod01lec05.txt', 'mod01lec01.txt', 'mod01lec03.txt']",5,"[1554.1289795918367, 1798.7918367346938, 1821.3877551020407, 1668.5191836734693, 1836.7477551020409]"
5,Dr._Shatarupa_Thakurta,"['Traditional_Roots_Elements_and_Principles.mp3', 'Timelines_and_Regions_General_Mapping.mp3', 'Evolution_in_Purpose_Ritualistic_to_Propagative.mp3', 'Contemporary_Practice.mp3', 'Classification_and_Connections_Traditional_Roots.mp3', 'Changing_Definition_of_Folk_and_Minor_Art.mp3', 'Timelessness_Primitive_Connection.mp3']","['Timelessness_Primitive_Connection.txt', 'Traditional_Roots_Elements_and_Principles.txt', 'Timelines_and_Regions_General_Mapping.txt', 'Classification_and_Connections_Traditional_Roots.txt', 'Evolution_in_Purpose_Ritualistic_to_Propagative.txt', 'Contemporary_Practice.txt', 'Changing_Definition_of_Folk_and_Minor_Art.txt']",7,"[1267.6702040816326, 1430.151836734694, 799.686530612245, 1050.8016326530612, 1601.149387755102, 965.1722448979592, 815.4122448979592]"
6,Prof._A._M._Kulkarni,"['Mod-01_Lec-04_Analysis_of_Dynamical_Systems-Contd-.mp3', 'Mod-01_Lec-02_Introduction.mp3', 'Mod-01_Lec-03_Analysis_of_Dynamical_Systems.mp3']","['Mod-01_Lec-02_Introduction.txt', 'Mod-01_Lec-03_Analysis_of_Dynamical_Systems.txt', 'Mod-01_Lec-04_Analysis_of_Dynamical_Systems-Contd-.txt']",3,"[3331.7877551020406, 3455.529795918367, 3358.380408163265]"
7,Prof._Indrava_Roy,"['mod01lec06-Properties_of_elementary_measure-Part_1.mp3', 'mod01lec05-Elementary_Sets_and_Elementary_measure-Part_2.mp3', 'mod01lec01-Finite_Sets_and_Cardinality.mp3', 'mod01lec03-Infinite_Sets_and_the_Banach-Tarski_Paradox-Part_2.mp3', 'mod01lec04-Elementary_Sets_and_Elementary_measure-Part_1.mp3', 'mod01lec02-Infinite_Sets_and_the_Banach-Tarski_Paradox-Part_1.mp3']","['mod01lec02-Infinite_Sets_and_the_Banach-Tarski_Paradox-Part_1.txt', 'mod01lec01-Finite_Sets_and_Cardinality.txt', 'mod01lec03-Infinite_Sets_and_the_Banach-Tarski_Paradox-Part_2.txt', 'mod01lec04-Elementary_Sets_and_Elementary_measure-Part_1.txt', 'mod01lec06-Properties_of_elementary_measure-Part_1.txt']",6,"[1614.9420408163264, 1536.6008163265305, 1476.4408163265307, 1200.9795918367347, 1487.7518367346938, 897.3322448979592]"
8,Prof._Kusum_Deep,"['Graphical_Method_for_LPP.mp3', 'More_OR_Models.mp3', 'Introduction_to_OR_Models.mp3']","['Graphical_Method_for_LPP.txt', 'More_OR_Models.txt', 'Introduction_to_OR_Models.txt']",3,"[1897.9004081632654, 2339.0563265306123, 2914.56]"
9,Prof._Sanjeev_K_Aggarwal,"['Mod-01_Lec-03.mp3', 'Mod-01_Lec-02.mp3', 'Mod-01_Lec-04.mp3']","['Mod-01_Lec-03.txt', 'Mod-01_Lec-02.txt', 'Mod-01_Lec-04.txt']",3,"[3253.0808163265306, 2915.526530612245, 3000.5289795918366]"
10,Prof._R.K._Shevgaonkar,"['Equations_of_Voltage_and_Current_on_TX_line.mp3', 'Propagation_constant_Characteristic_impedance_and_reflection_coefficient.mp3', 'Impedance_Transformation.mp3']","['Equations_of_Voltage_and_Current_on_TX_line.txt', 'Propagation_constant_Characteristic_impedance_and_reflection_coefficient.txt', 'Impedance_Transformation.txt']",3,"[3220.4016326530614, 3071.477551020408, 3169.9591836734694]"
11,"Prof._Prabhuraj_A_,_Prof._B._V._Patel,_Prof_M._Bheemana","['Mod-02_Lec-02_Insect_abundance_and_diversity.mp3', 'Mod-03_Lec-12_Ecological_Methods_of_Pest_Management-Physical.mp3', 'Mod-03_Lec-07_Principles_of_Pest_Management_and_History.mp3', 'Mod-03_Lec-08_IPM_Definition_and_Concepts.mp3', 'Mod-03_Lec-11_Ecological_Methods_of_Pest_Management-Cultural-Contd-.mp3', 'Mod-02_Lec-03_Insect_classification_based_on_economic_importance.mp3', 'Mod-02_Lec-06_Pest_surveillance_and_methods_of_sampling.mp3', 'Mod-03_Lec-09_Ecological_Methods_of_Pest_Management-Legal_and_Cultural.mp3', 'Mod-03_Lec-10_Ecological_Methods_of_Pest_Management-Cultural-Contd-.mp3', 'Mod-02_Lec-04_Pest_causes_for_outbreaks_and_categories.mp3', 'Mod-02_Lec-05_Pest_causes_for_outbreaks_and_categories_contd.mp3']","['Mod-03_Lec-10_Ecological_Methods_of_Pest_Management-Cultural-Contd-.txt', 'Mod-02_Lec-03_Insect_classification_based_on_economic_importance.txt', 'Mod-03_Lec-12_Ecological_Methods_of_Pest_Management-Physical.txt', 'Mod-03_Lec-08_IPM_Definition_and_Concepts.txt', 'Mod-03_Lec-07_Principles_of_Pest_Management_and_History.txt', 'Mod-02_Lec-05_Pest_causes_for_outbreaks_and_categories_contd.txt', 'Mod-03_Lec-09_Ecological_Methods_of_Pest_Management-Legal_and_Cultural.txt', 'Mod-02_Lec-04_Pest_causes_for_outbreaks_and_categories.txt', 'Mod-02_Lec-02_Insect_abundance_and_diversity.txt', 'Mod-03_Lec-11_Ecological_Methods_of_Pest_Management-Cultural-Contd-.txt', 'Mod-02_Lec-06_Pest_surveillance_and_methods_of_sampling.txt']",11,"[576.2089795918367, 526.2889795918368, 811.1804081632653, 608.3395918367347, 713.8481632653061, 547.7093877551021, 912.9273469387755, 579.3697959183673, 829.3093877551021, 619.9118367346939, 339.6702040816327]"
12,Prof._Samyak_ZANZARI,"['Wave_Propagation_Power_FlowComplex_Poynting_vectorwave_equation_for_a_conducting_Medium.mp3', 'Reflection_and_Refraction_of_waves-Contd-The_Plane_slab.mp3', 'Wave_Guides.mp3']","['Wave_Guides.txt', 'Wave_Propagation_Power_FlowComplex_Poynting_vectorwave_equation_for_a_conducting_Medium.txt', 'Reflection_and_Refraction_of_waves-Contd-The_Plane_slab.txt']",3,"[3332.231836734694, 3182.132244897959, 2949.250612244898]"
13,Prof._Kushal_Sen,"['General_principles_involved_in_the_manufacture_of_textured_yarnscontd.mp3', 'General_principles_involved_in_the_manufacture_of_textured_yarns.mp3', 'Introduction_to_texturing.mp3']","['Introduction_to_texturing.txt', 'General_principles_involved_in_the_manufacture_of_textured_yarnscontd.txt', 'General_principles_involved_in_the_manufacture_of_textured_yarns.txt']",3,"[2269.492244897959, 2821.2767346938776, 2863.751836734694]"
14,Prof._Kanakuppi_Sadashivapa,"['Measurement_errors.mp3', 'Metrology_terminologies.mp3', 'Linear_measuring_instruments.mp3']","['Measurement_errors.txt', 'Linear_measuring_instruments.txt', 'Metrology_terminologies.txt']",3,"[2803.121632653061, 2526.4065306122448, 1927.941224489796]"
15,Prof._P.P._Mujumdar,"['Mod-01_Lec-03_Independence_Functions_of_Random_Variables.mp3', 'Mod-01_Lec-04_Moments_of_a_Distribution.mp3', 'Mod-01_Lec-02_Bivariate_Distributions.mp3']","['Mod-01_Lec-03_Independence_Functions_of_Random_Variables.txt', 'Mod-01_Lec-04_Moments_of_a_Distribution.txt', 'Mod-01_Lec-02_Bivariate_Distributions.txt']",3,"[3468.878367346939, 3471.5689795918365, 3392.940408163265]"
16,"Prof._A.N._Chandorkar,_Prof._D.K._Sharma,_Prof._Sachin_Patkar,_Prof._Virendra_Singh","['Mod-01_Lec-03_Logical_Effort-A_way_of_Designing_Fast_CMOS_Circuits.mp3', 'Mod-01_Lec-02_Historical_Perspective_and_Future_Trends_in_CMOS_VLSI_Circuit-Part_II.mp3']","['Mod-01_Lec-02_Historical_Perspective_and_Future_Trends_in_CMOS_VLSI_Circuit-Part_II.txt', 'Mod-01_Lec-03_Logical_Effort-A_way_of_Designing_Fast_CMOS_Circuits.txt']",2,"[3934.3020408163266, 6122.266122448979]"
17,Prof._Smita_Srivastava,"['Plant_tissues_and_functions.mp3', 'Introduction_to_plant_cell_technology.mp3', 'Photosynthesis_and_Photorespiration.mp3', 'In-vitro_culture_initiation.mp3', 'History_of_plant_cell_and_tissue_culture.mp3', 'Anatomy_of_plant_cells.mp3']","['Anatomy_of_plant_cells.txt', 'In-vitro_culture_initiation.txt', 'History_of_plant_cell_and_tissue_culture.txt', 'Introduction_to_plant_cell_technology.txt', 'Photosynthesis_and_Photorespiration.txt', 'Plant_tissues_and_functions.txt']",6,"[1633.4367346938775, 1755.1412244897958, 1300.741224489796, 1988.0489795918368, 534.7265306122449, 1549.2702040816328]"
18,Prof._Poonam_Kumari,"['Lec_1_Introduction_to_composite_materials.mp3', 'Lec_3_Derivation_of_fundamental_theorem_of_surfaces.mp3', 'Lec_2_Basic_terminology_in_Shell.mp3']","['Lec_3_Derivation_of_fundamental_theorem_of_surfaces.txt', 'Lec_1_Introduction_to_composite_materials.txt', 'Lec_2_Basic_terminology_in_Shell.txt']",3,"[3243.1281632653063, 1721.9395918367347, 3288.6073469387757]"
19,Prof._Gouri_Gargate,"['mod01lec02.mp3', 'mod01lec04.mp3', 'mod01lec03.mp3', 'mod01lec05.mp3']","['mod01lec02.txt', 'mod01lec04.txt', 'mod01lec05.txt', 'mod01lec03.txt']",4,"[1499.4024489795918, 2462.06693877551, 1886.458775510204, 1954.6383673469388]"
20,"Dhiraj_Taneja,Broadcom","['Combinational_Circuits_and_layout.mp3', 'MOS_Transistor-Detailed_Study.mp3']","['Combinational_Circuits_and_layout.txt', 'MOS_Transistor-Detailed_Study.txt']",2,"[3819.6767346938777, 5145.260408163265]"
21,Dr._Vinod_John,"['Mod-01_Lec-04_Distribution_system_protection.mp3', 'Mod-01_Lec-03_Distributed_storage_technologies.mp3', 'Mod-01_Lec-02_Distributed_generation_technologies.mp3']","['Mod-01_Lec-03_Distributed_storage_technologies.txt', 'Mod-01_Lec-02_Distributed_generation_technologies.txt', 'Mod-01_Lec-04_Distribution_system_protection.txt']",3,"[3269.381224489796, 3155.4089795918367, 3091.8791836734695]"
22,Dr_Satyadev_Nandkumar,"['Lec_3_The_Programming_Cycle.mp3', 'Intro-GCD.mp3', 'Lec_7_While_Loop_1.mp3', 'Lec_9_While_Loop_example_GCD.mp3', 'Lec_10_More_while_loops_Longest_Increasing_Subsequence_1.mp3', 'Intro-Variables.mp3', 'Lec_11_More_while_loops_Longest_Increasing_Subsequence_2.mp3', 'Lec_4_Tracing_a_Simple_Program.mp3', 'Lec_6_Operators.mp3', 'Lec_8_While_Loop_example.mp3']","['Intro-Variables.txt', 'Lec_10_More_while_loops_Longest_Increasing_Subsequence_1.txt', 'Lec_7_While_Loop_1.txt', 'Lec_4_Tracing_a_Simple_Program.txt', 'Lec_11_More_while_loops_Longest_Increasing_Subsequence_2.txt', 'Lec_8_While_Loop_example.txt', 'Intro-GCD.txt', 'Lec_9_While_Loop_example_GCD.txt', 'Lec_6_Operators.txt', 'Lec_3_The_Programming_Cycle.txt']",10,"[713.3779591836735, 884.0097959183673, 336.2481632653061, 643.4481632653061, 549.6163265306122, 920.3983673469388, 599.04, 676.7804081632653, 928.1567346938775, 495.09877551020406]"
23,Prof._Apoorva_D_Patel,"['Mod-01_Lec-04_Bohr-Sommerfeld_semiclassical_solution_of_the_Coulomb_problem.mp3', 'Mod-01_Lec-02_Particles_and_antiparticles_Two_component_framework.mp3', 'Mod-01_Lec-03_Coupling_to_electromagnetism_Solution_of_the_Coulomb_problem.mp3']","['Mod-01_Lec-04_Bohr-Sommerfeld_semiclassical_solution_of_the_Coulomb_problem.txt', 'Mod-01_Lec-02_Particles_and_antiparticles_Two_component_framework.txt', 'Mod-01_Lec-03_Coupling_to_electromagnetism_Solution_of_the_Coulomb_problem.txt']",3,"[3335.810612244898, 3441.2669387755104, 3367.758367346939]"
24,Prof._Navakanta_Bhat,"['Subthreshold_Conduction.mp3', 'Short_Channel_Effects.mp3', 'CMOS_Scaling_Theory.mp3']","['Subthreshold_Conduction.txt', 'CMOS_Scaling_Theory.txt', 'Short_Channel_Effects.txt']",3,"[3510.3608163265308, 3519.2685714285712, 3563.9118367346937]"
25,Prof._Dipanwita_Roychowdhury,"['Lecture_01_Introduction_to_Propositional_Logic.mp3', 'Lecture_04_Introduction_to_Propositional_Logic-Contd-.mp3', 'Lecture_03_Introduction_to_Propositional_Logic-Contd-.mp3', 'Lecture_02_Introduction_to_Propositional_Logic-Contd-.mp3']","['Lecture_04_Introduction_to_Propositional_Logic-Contd-.txt', 'Lecture_03_Introduction_to_Propositional_Logic-Contd-.txt', 'Lecture_01_Introduction_to_Propositional_Logic.txt', 'Lecture_02_Introduction_to_Propositional_Logic-Contd-.txt']",4,"[2486.6220408163267, 2454.909387755102, 1968.2220408163266, 2040.8685714285714]"
26,Prof._Shayan_Srinivasa_Garani,"['State_space_representation.mp3', 'Introduction_to_state_space_representation.mp3', 'Linear_time-invariant_systems.mp3', 'Non-uniqueness_of_state_space_representation.mp3', 'Basics_of_signals_and_systems.mp3', 'Modes_in_a_linear_system.mp3']","['Introduction_to_state_space_representation.txt', 'Non-uniqueness_of_state_space_representation.txt', 'State_space_representation.txt', 'Modes_in_a_linear_system.txt', 'Basics_of_signals_and_systems.txt', 'Linear_time-invariant_systems.txt']",6,"[1374.2497959183675, 467.33061224489796, 502.3608163265306, 792.5289795918368, 1224.1502040816326, 1269.9167346938775]"
27,Dr._V.R._Desai_and_Dr._Anirban_Dhar,"['Mod-01_Lec-02_Ground_Water_in_Hydrologic_Cycle-Contd-Ground_Water_Budget.mp3', 'Mod-01_Lec-03_Ground_water_Level_Fluctuations_and_Environmental_Influence-Contd-Literature.mp3', 'Mod-01_Lec-04_Ground_Water_LiteratureDataInternet_Sources.mp3']","['Mod-01_Lec-02_Ground_Water_in_Hydrologic_Cycle-Contd-Ground_Water_Budget.txt', 'Mod-01_Lec-04_Ground_Water_LiteratureDataInternet_Sources.txt', 'Mod-01_Lec-03_Ground_water_Level_Fluctuations_and_Environmental_Influence-Contd-Literature.txt']",3,"[3262.72, 3178.997551020408, 2657.8285714285716]"
28,Prof._Srabani_Taraphder,"['Lecture_3_Thermodynamic_potential_part_1.mp3', 'Lecture_4_Thermodynamic_potentials_Part_2.mp3', 'Lecture_5_Microstates_of_a_system.mp3', 'Lecture_2_Review_of_Classical_Thermodynamics_Part_II.mp3']","['Lecture_4_Thermodynamic_potentials_Part_2.txt', 'Lecture_2_Review_of_Classical_Thermodynamics_Part_II.txt', 'Lecture_3_Thermodynamic_potential_part_1.txt', 'Lecture_5_Microstates_of_a_system.txt']",4,"[2063.9085714285716, 2314.997551020408, 1722.2008163265307, 2029.1918367346939]"
29,Prof_Ashish_Saxena,"['noc18-hs37-lecture_03.mp3', 'noc18-hs37-lecture_04.mp3', 'noc18-hs37-lecture_02.mp3', 'noc18-hs37-Lecture_01.mp3']","['noc18-hs37-Lecture_01.txt', 'noc18-hs37-lecture_03.txt', 'noc18-hs37-lecture_04.txt', 'noc18-hs37-lecture_02.txt']",4,"[1770.370612244898, 1868.9567346938775, 1697.0710204081633, 1823.3208163265306]"
30,Prof._G.Bhuvaneshwari,"['Magnetic_Circuit-II.mp3', 'Single-phase_and_Three-phase_AC_Circuits_Magnetic_circuits.mp3', 'Introduction_to_Electrical_Machines-I.mp3']","['Single-phase_and_Three-phase_AC_Circuits_Magnetic_circuits.txt', 'Introduction_to_Electrical_Machines-I.txt', 'Magnetic_Circuit-II.txt']",3,"[2505.3779591836733, 2612.7673469387755, 3152.326530612245]"
31,Prof._Susmita_Mukhopadhayay,"['Lecture_02_Introduction_to_Ethical_Reasoning_and_Engineering_Ethics-Contd-.mp3', 'Lecture_04_Professional_practice_in_enginnering.mp3', 'Lecture_05_Professional_practice_in_enginnering-Contd-.mp3', 'Lecture_03_Introduction_to_Ethical_Reasoning_and_Engineering_Ethics-Contd-.mp3']","['Lecture_05_Professional_practice_in_enginnering-Contd-.txt', 'Lecture_04_Professional_practice_in_enginnering.txt', 'Lecture_02_Introduction_to_Ethical_Reasoning_and_Engineering_Ethics-Contd-.txt', 'Lecture_03_Introduction_to_Ethical_Reasoning_and_Engineering_Ethics-Contd-.txt']",4,"[2897.3191836734695, 1798.8963265306122, 2016.2089795918366, 1732.5191836734693]"
32,Prof._Amita_Pathak_Mahanty,"['Lecture_03_Kinetic_theory_of_gases-Contd-.mp3', 'Lecture_04_Kinetic_theory_of_gases-Contd-.mp3', 'Lecture_01_Kinetic_theory_of_gases.mp3', 'Lecture_02_Kinetic_theory_of_gases-Contd-.mp3']","['Lecture_04_Kinetic_theory_of_gases-Contd-.txt', 'Lecture_02_Kinetic_theory_of_gases-Contd-.txt', 'Lecture_03_Kinetic_theory_of_gases-Contd-.txt', 'Lecture_01_Kinetic_theory_of_gases.txt']",4,"[1793.8024489795919, 1776.2220408163266, 2124.4865306122447, 1788.7608163265306]"
33,Prof._Atasi_Mohanty,"['Lecture_6_Professional_Development_and_The_Reflective_Practitioner.mp3', 'Lecture_5_Key_Challenges_for_Educational_Leaders-Contd.-.mp3', 'Lecture_8_Professional_Development_and_The_Reflective_Practitioner-Contd.-.mp3', 'Lecture_7_Professional_Development_and_The_Reflective_Practitioner-Contd.-.mp3']","['Lecture_6_Professional_Development_and_The_Reflective_Practitioner.txt', 'Lecture_5_Key_Challenges_for_Educational_Leaders-Contd.-.txt', 'Lecture_7_Professional_Development_and_The_Reflective_Practitioner-Contd.-.txt', 'Lecture_8_Professional_Development_and_The_Reflective_Practitioner-Contd.-.txt']",4,"[1940.218775510204, 1872.4571428571428, 1718.517551020408, 1920.1567346938775]"
34,Prof._Sujatha_Srinivasan,"['Lecture_3_Mobility_of_Mechanisms_Grublers_Criterion_and_Applications.mp3', 'Lecture_1_Review_of_Kinematics_Fundamentals-I.mp3', 'Lecture_2_Links_Pairs_Kinematic_Chains_Planar_Mobility_Criterion.mp3']","['Lecture_1_Review_of_Kinematics_Fundamentals-I.txt', 'Lecture_3_Mobility_of_Mechanisms_Grublers_Criterion_and_Applications.txt', 'Lecture_2_Links_Pairs_Kinematic_Chains_Planar_Mobility_Criterion.txt']",3,"[2850.612244897959, 1822.1975510204081, 2854.922448979592]"
35,Prof.Abhishek_Shrivastava,"['Lec_3_System_Model_Mental_Model_and_Representation_Model.mp3', 'Lec_1_Basic_Definitions_and_Concepts_in_Interaction_Design.mp3', 'Lec_2_Relevance_of_goals_in_Interaction_Design.mp3', 'Lec_4_Interaction_Models_and_Interaction_Paradigms.mp3']","['Lec_2_Relevance_of_goals_in_Interaction_Design.txt', 'Lec_3_System_Model_Mental_Model_and_Representation_Model.txt', 'Lec_4_Interaction_Models_and_Interaction_Paradigms.txt', 'Lec_1_Basic_Definitions_and_Concepts_in_Interaction_Design.txt']",4,"[2137.6, 1881.0514285714285, 1136.3787755102042, 3171.5526530612246]"
36,Prof._Divya.A,"['mod01lec02.mp3', 'mod01lec04.mp3', 'mod01lec03.mp3', 'mod01lec05.mp3']","['mod01lec02.txt', 'mod01lec04.txt', 'mod01lec05.txt', 'mod01lec03.txt']",4,"[2188.3820408163265, 2498.56, 2209.671836734694, 1091.3175510204082]"
37,Prof._Kamlesh_Shigh,"['Introduction_to_Positive_Psychology.mp3', 'Research_Methods.mp3', 'Introduction_to_Psychology.mp3']","['Introduction_to_Psychology.txt', 'Introduction_to_Positive_Psychology.txt', 'Research_Methods.txt']",3,"[2816.9665306122447, 4028.2122448979594, 2838.778775510204]"
38,Prof._Mithilesh_Kumar_Jha,"['Lec_2_Method_Text_and_Context.mp3', 'Lec_1_General_Outline_and_Method.mp3']","['Lec_2_Method_Text_and_Context.txt', 'Lec_1_General_Outline_and_Method.txt']",2,"[4289.358367346938, 3732.8718367346937]"
39,Prof._Urmi_R._Salve,"['Lec_3_Task_Analysis.mp3', 'Lec_1_Introduction_to_Ergonomics_Workplace_assessment-I.mp3', 'Lec_2_Introduction_to_Ergonomics_Workplace_assessment-II.mp3']","['Lec_1_Introduction_to_Ergonomics_Workplace_assessment-I.txt', 'Lec_3_Task_Analysis.txt', 'Lec_2_Introduction_to_Ergonomics_Workplace_assessment-II.txt']",3,"[2977.097142857143, 2430.2497959183675, 3316.741224489796]"
40,prof._shabina_Khanam,"['Introduction.mp3', 'Terminologies.mp3', 'Stress_and_Strain_Relationship-1.mp3', 'Stress_and_Strain_Relationship-2.mp3']","['Terminologies.txt', 'Stress_and_Strain_Relationship-1.txt', 'Introduction.txt', 'Stress_and_Strain_Relationship-2.txt']",4,"[2845.570612244898, 2153.0383673469387, 1750.3608163265305, 1772.2514285714285]"
41,Prof._H.C._Verma,"['Mod-01_Lec-02_Nuclear_Size.mp3', 'Mod-01_Lec-03_Nuclear_Size_Cont.mp3', 'Mod-01_Lec-04_Nuclear_Size_Cont.mp3']","['Mod-01_Lec-04_Nuclear_Size_Cont.txt', 'Mod-01_Lec-02_Nuclear_Size.txt', 'Mod-01_Lec-03_Nuclear_Size_Cont.txt']",3,"[3478.909387755102, 2990.08, 3444.1404081632654]"
42,Prof._S._R._S._Iyengar,"['INTRODUCTION_TO_LOOPS.mp3', 'INTRODUCTION_TO_SCRATCH.mp3', 'How_to_go_about_programming.mp3', 'SOLUTION_TO_LOOPING_PROBLEM.mp3', 'Any_Prerequisites_.mp3', 'Programming_for_Everybody.mp3', 'Why_Programming_.mp3', 'MORE_ABOUT_LOOPS.mp3', 'SCRATCH_ANIMATION_3.mp3', 'Why_do_we_have_so_many_languages.mp3', 'SCRATCH_ANIMATION_1.mp3', 'Why_to_learn_programming.mp3', 'SCRATCH_ANIMATION_2.mp3', 'How_to_give_instructions_.mp3', 'Where_to_start.mp3', 'What_is_programming.mp3']","['Why_to_learn_programming.txt', 'INTRODUCTION_TO_LOOPS.txt', 'MORE_ABOUT_LOOPS.txt', 'How_to_go_about_programming.txt', 'What_is_programming.txt', 'Where_to_start.txt', 'Why_Programming_.txt', 'SCRATCH_ANIMATION_1.txt', 'INTRODUCTION_TO_SCRATCH.txt', 'How_to_give_instructions_.txt', 'SOLUTION_TO_LOOPING_PROBLEM.txt', 'Why_do_we_have_so_many_languages.txt', 'SCRATCH_ANIMATION_2.txt', 'Programming_for_Everybody.txt', 'SCRATCH_ANIMATION_3.txt']",16,"[965.6685714285715, 818.8081632653061, 230.3738775510204, 1127.8367346938776, 0.0, 163.70938775510203, 207.0204081632653, 182.64816326530612, 2057.848163265306, 254.58938775510205, 1091.709387755102, 82.91265306122449, 487.9673469387755, 280.52897959183673, 99.5265306122449, 200.3330612244898]"
43,Prof._Anuradha_Sharma,"['Lec-3_Management.mp3', 'Lec-2_Motivation.mp3', 'Lec-4_Work_Ethics.mp3']","['Lec-2_Motivation.txt', 'Lec-3_Management.txt', 'Lec-4_Work_Ethics.txt']",3,"[1919.2685714285715, 3564.930612244898, 3482.2791836734696]"
44,Prof._Amaresh_Dalal,"['Lec_3_Derivation_of_incompressible_Navier-Stokes_equations.mp3', 'Lec_1_Preliminary_concepts.mp3', 'Lec_2_Fluid_Kinematics.mp3']","['Lec_2_Fluid_Kinematics.txt', 'Lec_3_Derivation_of_incompressible_Navier-Stokes_equations.txt', 'Lec_1_Preliminary_concepts.txt']",3,"[2421.159183673469, 2178.1420408163267, 2571.52]"
45,Prof._Prabha_Sharma,"['Mod-01_Lec-03_Moving_from_one_basic_feasible_solution_to_another_optimality_criteria.mp3', 'Mod-01_Lec-02_Vector_space_Linear_independence_and_dependence_basis.mp3']","['Mod-01_Lec-03_Moving_from_one_basic_feasible_solution_to_another_optimality_criteria.txt', 'Mod-01_Lec-02_Vector_space_Linear_independence_and_dependence_basis.txt']",2,"[3707.3502040816325, 3461.877551020408]"
46,Prof._Tridib_Kumar_Goswami,"['mod01lec02.mp3', 'mod01lec04.mp3', 'mod01lec03.mp3', 'mod01lec05.mp3', 'mod01lec01.mp3']","['mod01lec02.txt', 'mod01lec04.txt', 'mod01lec05.txt', 'mod01lec01.txt', 'mod01lec03.txt']",5,"[1678.7591836734694, 1816.9991836734694, 1679.6995918367347, 2045.4661224489796, 1807.4906122448979]"
47,Dr._V._Vijaya_Lakshmi,"['Recommended_dietary_allowances.mp3', 'Protein-health_significance.mp3', 'Protein.mp3', 'Fiber.mp3', 'Fat.mp3', 'Digestion_absorption_and_utilization_of_Nutrients_2.mp3', 'Carbohydrate.mp3', 'Digestion_absorption_and_utilization_of_Nutrients_1.mp3', 'Energy_1.mp3', 'Relationship_between_Food_Nutrition_and_Health_1.mp3', 'Relationship_between_Food_Nutrition_and_Health_2.mp3']","['Fiber.txt', 'Relationship_between_Food_Nutrition_and_Health_1.txt', 'Protein.txt', 'Carbohydrate.txt', 'Digestion_absorption_and_utilization_of_Nutrients_1.txt', 'Energy_1.txt', 'Digestion_absorption_and_utilization_of_Nutrients_2.txt', 'Protein-health_significance.txt', 'Fat.txt', 'Recommended_dietary_allowances.txt', 'Relationship_between_Food_Nutrition_and_Health_2.txt']",11,"[744.8816326530613, 400.2220408163265, 359.3404081632653, 562.5208163265306, 419.1869387755102, 558.6024489795918, 675.0302040816326, 976.2481632653062, 405.9167346938776, 938.6318367346939, 677.2767346938775]"
48,unknown,"['Introduction_to_Python.mp3', 'Reading_Data.mp3', 'Introduction_to_Spyder-Part_2.mp3', 'Introduction_to_Python_for_Data_Science.mp3', 'Linear_algebra_Part_1.mp3', 'Sets.mp3', 'Introduction_to_Spyder-Part_1.mp3', 'Variables_and_Datatypes.mp3']","['Introduction_to_Spyder-Part_1.txt', 'Introduction_to_Python_for_Data_Science.txt', 'Sets.txt', 'Reading_Data.txt', 'Variables_and_Datatypes.txt', 'Linear_algebra_Part_1.txt', 'Introduction_to_Spyder-Part_2.txt', 'Introduction_to_Python.txt']",8,"[756.4016326530613, 1176.5812244897959, 849.9461224489796, 911.0204081632653, 672.1567346938775, 720.3265306122449, 558.210612244898, 643.3697959183673]"
49,Prof._V._Kumaran,"['Dimensional_analysis_Mass_transfer_from_a_particle_suspended_in_a_fluid_Completed.mp3', 'Transport_by_convection_and_diffusion.mp3', 'Dimensional_analysis_Force_on_a_particle_settling_in_a_fluid.mp3', 'Dimensional_analysis_Completed.mp3', 'Dimensional_analysis_Heat_transfer_in_a_heat_exchanger.mp3']","['Dimensional_analysis_Mass_transfer_from_a_particle_suspended_in_a_fluid_Completed.txt', 'Transport_by_convection_and_diffusion.txt', 'Dimensional_analysis_Force_on_a_particle_settling_in_a_fluid.txt', 'Dimensional_analysis_Completed.txt', 'Dimensional_analysis_Heat_transfer_in_a_heat_exchanger.txt']",5,"[1790.0408163265306, 1807.0465306122449, 1705.090612244898, 1626.0702040816327, 1767.1575510204082]"
50,Dr._Biswarup_Das,"['Modeling_of_Power_System_Components-Contd-.mp3', 'Bus_Admittance_Matrix.mp3', 'Modeling_of_Power_System_Components.mp3', 'Bus_Admittance_Matrix_with_Mutual_Impedance.mp3']","['Modeling_of_Power_System_Components-Contd-.txt', 'Bus_Admittance_Matrix_with_Mutual_Impedance.txt', 'Modeling_of_Power_System_Components.txt', 'Bus_Admittance_Matrix.txt']",4,"[1957.9297959183673, 2906.122448979592, 2121.168979591837, 1703.7322448979592]"
51,Prof.Sahana_Murthy,"['LeD_2_1B_Implementing_Constructive_Alignment.mp3', 'LeD_22_Why_and_How_to_Design_Interactive_Videos.mp3', 'Who_Should_Join_this_Course_and_Why.mp3', 'LeD_11_E_Learning_in_STEM.mp3', 'LED_2_1A_Constructive_Alignment.mp3', 'LeD_15_ADDIE_Process_of_Instructional_Design.mp3', 'LeD_14_What_is_Learner_Centric_Approach.mp3', 'Course_Format_Learner_Centric_MOOC-LCM-.mp3', 'LeD_24_Learning_by_Doing-LbD-.mp3', 'LeD_21_Promoting_Learner_Engagement_with_Content.mp3', 'LeD_14_Instructional_Design_in_e_learning.mp3', 'Course_Preview.mp3', 'LeD_13_Challenges_in_e_learning.mp3']","['LeD_14_What_is_Learner_Centric_Approach.txt', 'Course_Preview.txt', 'LED_2_1A_Constructive_Alignment.txt', 'LeD_15_ADDIE_Process_of_Instructional_Design.txt', 'LeD_22_Why_and_How_to_Design_Interactive_Videos.txt', 'Who_Should_Join_this_Course_and_Why.txt', 'LeD_13_Challenges_in_e_learning.txt', 'LeD_11_E_Learning_in_STEM.txt', 'Course_Format_Learner_Centric_MOOC-LCM-.txt', 'LeD_24_Learning_by_Doing-LbD-.txt', 'LeD_14_Instructional_Design_in_e_learning.txt', 'LeD_21_Promoting_Learner_Engagement_with_Content.txt', 'LeD_2_1B_Implementing_Constructive_Alignment.txt']",13,"[747.7812244897959, 673.0187755102041, 180.16653061224488, 507.5069387755102, 224.47020408163266, 724.2187755102041, 471.3795918367347, 675.0302040816326, 596.1926530612245, 498.9126530612245, 497.50204081632654, 176.03918367346938, 927.3469387755102]"
52,Dr._Ranjith_Padinhateeri,"['Mod-01_Lec-04_Functions_and_derivatives.mp3', 'Mod-01_Lec-02_Graphs_and_functions-I.mp3', 'Mod-01_Lec-03_Graphs_and_functions-II.mp3']","['Mod-01_Lec-02_Graphs_and_functions-I.txt', 'Mod-01_Lec-03_Graphs_and_functions-II.txt', 'Mod-01_Lec-04_Functions_and_derivatives.txt']",3,"[3052.617142857143, 3102.6677551020407, 2895.6473469387756]"
53,Prof._A._Ramesh,"['Lec_1_Introduction_to_Data_Analytics.mp3', 'Lec_3_Python_Fundamentals-II.mp3', 'Lec_4_Central_Tendency_and_Dispersion-I.mp3', 'Lec_2_Python_Fundamentals-I.mp3']","['Lec_1_Introduction_to_Data_Analytics.txt', 'Lec_4_Central_Tendency_and_Dispersion-I.txt', 'Lec_3_Python_Fundamentals-II.txt', 'Lec_2_Python_Fundamentals-I.txt']",4,"[2034.050612244898, 2144.888163265306, 1856.2089795918366, 1539.9183673469388]"
54,Prof._S._C._Dutta_Roy,"['Small_Signal_Amplifiers-Continued-.mp3', 'Digital_Circuits.mp3', 'Negative_Feedback.mp3']","['Negative_Feedback.txt', 'Digital_Circuits.txt', 'Small_Signal_Amplifiers-Continued-.txt']",3,"[3149.609795918367, 2870.569795918367, 2739.121632653061]"
55,Dr._L._Sunil_Chandran,"['Mod-01_Lec-03_More_on_Halls_theorem_and_some_applications.mp3', 'Mod-01_Lec-02_Matchings_Konigs_theorem_and_Halls_theorem.mp3', 'Mod-01_Lec-04_Tuttes_theorem_on_existence_of_a_perfect_matching.mp3']","['Mod-01_Lec-02_Matchings_Konigs_theorem_and_Halls_theorem.txt', 'Mod-01_Lec-03_More_on_Halls_theorem_and_some_applications.txt', 'Mod-01_Lec-04_Tuttes_theorem_on_existence_of_a_perfect_matching.txt']",3,"[3407.3861224489797, 3456.9665306122447, 3436.4865306122447]"
56,Dr._Krithivasan,"['Lecture_3-Predicates_and_Quantifiers.mp3', 'Lecture_2-Propositional_Logic-Contd-.mp3', 'Lecture_4-Predicates_and_Quantifiers-Contd-.mp3']","['Lecture_2-Propositional_Logic-Contd-.txt', 'Lecture_4-Predicates_and_Quantifiers-Contd-.txt', 'Lecture_3-Predicates_and_Quantifiers.txt']",3,"[3424.1306122448977, 3405.191836734694, 3514.4620408163264]"
57,Dr._Sougata_Karmakar,"['Lec_2_Driver_Information_Acquisition_and_Processing.mp3', 'Lec_1_Ergonomics_and_its_domain_of_specializations.mp3', 'Lec_3_Anthropometric_and_Biomechanical_Data_in_Automotive_Design.mp3']","['Lec_3_Anthropometric_and_Biomechanical_Data_in_Automotive_Design.txt', 'Lec_2_Driver_Information_Acquisition_and_Processing.txt', 'Lec_1_Ergonomics_and_its_domain_of_specializations.txt']",3,"[2566.6873469387756, 2676.741224489796, 5185.619591836735]"
58,Prof.Kamala_Krithivasan,"['Mod-01_Lec-03_GRAMMARS_AND_LANGUAGES_GENERATED-Contd-.mp3', 'Mod-01_Lec-02_GRAMMARS_AND_LANGUAGES_GENERATED.mp3', 'Mod-01_Lec-04_AMBIGUITY_IN_CFG.mp3']","['Mod-01_Lec-02_GRAMMARS_AND_LANGUAGES_GENERATED.txt', 'Mod-01_Lec-04_AMBIGUITY_IN_CFG.txt', 'Mod-01_Lec-03_GRAMMARS_AND_LANGUAGES_GENERATED-Contd-.txt']",3,"[2916.7804081632653, 2924.2775510204083, 3379.4612244897958]"
59,Prof._Shalabh,"['noc19-ma14_Lecture_01-Introduction_to_R_Software.mp3', 'noc19-ma14_Lecture_05-Calculations_with_R_Software-Operation_with_Matrices.mp3', 'noc19-ma14_Lecture_02-Calculations_with_R_Software-Basics_and_R_as_a_calculator.mp3', 'noc19-ma14_Lecture_04-calculation_with_R_Software-Built-in_Commands_and_missing_data_handling.mp3', 'noc19-ma14_Lecture_03-Calculations_with_R_Software-Calculation_with_Data_vector.mp3']","['noc19-ma14_Lecture_01-Introduction_to_R_Software.txt', 'noc19-ma14_Lecture_02-Calculations_with_R_Software-Basics_and_R_as_a_calculator.txt', 'noc19-ma14_Lecture_05-Calculations_with_R_Software-Operation_with_Matrices.txt', 'noc19-ma14_Lecture_04-calculation_with_R_Software-Built-in_Commands_and_missing_data_handling.txt', 'noc19-ma14_Lecture_03-Calculations_with_R_Software-Calculation_with_Data_vector.txt']",5,"[1319.7583673469387, 1811.1216326530612, 1028.0489795918368, 2650.0702040816327, 1934.9681632653062]"
60,"Prof._Sandeep_Sen,_Department_of_Computer_Science_and_Engineering,_IIT_Delhi","['Mod-02_Lec-03_2D_Maxima.mp3', 'Mod-03_Lec-04_Line_Sweep_Method.mp3', 'Mod-01_Lec-02_Visibility_Problems.mp3']","['Mod-01_Lec-02_Visibility_Problems.txt', 'Mod-03_Lec-04_Line_Sweep_Method.txt', 'Mod-02_Lec-03_2D_Maxima.txt']",3,"[3118.4195918367345, 3585.5412244897957, 3074.951836734694]"
61,Prof._N._V_Chalapathi_Rao,"['lec04-CEDT_worked_examples_1.mp3', 'lec02-Practical_Examples_1.mp3', 'lec05-CEDT_worked_examples_2.mp3', 'lec01-Electronic_Equipment_Thermal_issues.mp3', 'lec03-Practical_Examples2.mp3']","['lec03-Practical_Examples2.txt', 'lec02-Practical_Examples_1.txt', 'lec05-CEDT_worked_examples_2.txt', 'lec04-CEDT_worked_examples_1.txt', 'lec01-Electronic_Equipment_Thermal_issues.txt']",5,"[1717.237551020408, 1832.777142857143, 1455.0465306122449, 2376.071836734694, 1652.349387755102]"
62,Prof._Somanth_Bharadwaj,"['mod01lec02.mp3', 'mod01lec04.mp3', 'mod01lec03.mp3']","['mod01lec02.txt', 'mod01lec04.txt', 'mod01lec03.txt']",3,"[3401.4563265306124, 3417.3126530612244, 3145.012244897959]"
63,Prof._Sachin_C._Patwardhan,"['Mod-01_Lec-03_Basic_Dimension_and_Sub-space_of_a_Vector_Space.mp3', 'Mod-01_Lec-04_Introduction_to_Normed_Vector_Spaces.mp3', 'Mod-01_Lec-02_Fundamentals_of_Vector_Spaces.mp3']","['Mod-01_Lec-04_Introduction_to_Normed_Vector_Spaces.txt', 'Mod-01_Lec-03_Basic_Dimension_and_Sub-space_of_a_Vector_Space.txt', 'Mod-01_Lec-02_Fundamentals_of_Vector_Spaces.txt']",3,"[2858.109387755102, 2803.539591836735, 2762.7624489795917]"
64,Prof._Sanjeeva_Srivastava,"['Lecture_2_Introduction_to_Interactomics.mp3', 'Lecture_3_High_throughput_platforms_of_interactomics_Protein_arrays.mp3', 'Lecture_1_Introduction_to_Proteomics.mp3', 'Lecture_4_Cell-free_expression_based_protein_microarrays.mp3']","['Lecture_1_Introduction_to_Proteomics.txt', 'Lecture_4_Cell-free_expression_based_protein_microarrays.txt', 'Lecture_3_High_throughput_platforms_of_interactomics_Protein_arrays.txt', 'Lecture_2_Introduction_to_Interactomics.txt']",4,"[1719.301224489796, 1789.570612244898, 2422.308571428571, 2006.3608163265305]"
65,Prof_K_Krishnaiah,"['Mod-01_Lec-04_Basics_of_Kinetics_of_type_A_and_B_reactions.mp3', 'Mod-01_Lec-03_Heterogeneous_rate_of_reactions_and_different_types_of_kinetic_models.mp3', 'Mod-01_Lec-02_Intro_to_Kinetics_contd_for_catalytic_reactions_in_different_reactors.mp3']","['Mod-01_Lec-02_Intro_to_Kinetics_contd_for_catalytic_reactions_in_different_reactors.txt', 'Mod-01_Lec-03_Heterogeneous_rate_of_reactions_and_different_types_of_kinetic_models.txt', 'Mod-01_Lec-04_Basics_of_Kinetics_of_type_A_and_B_reactions.txt']",3,"[3133.2571428571428, 3088.7967346938776, 2998.2302040816326]"
66,Dr.G.Vaidyanathan,"['Mod-02_Lec-03_Basic_Physics_of_Nuclear_Fission.mp3', 'Mod-01_Lec-02_Nuclear_Power_Production_Cycle.mp3', 'Mod-02_Lec-04_Basic_Physics_of_Nuclear_Fission_Cont.mp3', 'Mod-03_Lec-05_Nuclear_Reactors.mp3']","['Mod-03_Lec-05_Nuclear_Reactors.txt', 'Mod-02_Lec-04_Basic_Physics_of_Nuclear_Fission_Cont.txt', 'Mod-02_Lec-03_Basic_Physics_of_Nuclear_Fission.txt', 'Mod-01_Lec-02_Nuclear_Power_Production_Cycle.txt']",4,"[1684.741224489796, 2293.76, 3045.198367346939, 2704.378775510204]"
67,"Dr._Krishanu_Biswas,_Prof.N.P.Gurao","['Mod-01_Lec-02_Data_Mining_Data_assimilation_and_prediction.mp3', 'Mod-01_Lec-03_A_classification_of_forecast_errors.mp3', 'Mod-02_Lec-04_Finite_Dimensional_Vector_Space.mp3']","['Mod-02_Lec-04_Finite_Dimensional_Vector_Space.txt', 'Mod-01_Lec-03_A_classification_of_forecast_errors.txt', 'Mod-01_Lec-02_Data_Mining_Data_assimilation_and_prediction.txt']",3,"[3845.4595918367345, 1577.221224489796, 2860.460408163265]"
68,Prof._Saptarshi_Basu,"['Governing_equations_Energy_Conservation2.mp3', 'lec06Scaling_Analysis_Energy.mp3', 'Scaling_Analysis_Momentum.mp3', 'Introduction_to_external_forced_convection.mp3', 'Governing_equations_Momentum_Conservation.mp3']","['lec06Scaling_Analysis_Energy.txt', 'Governing_equations_Energy_Conservation2.txt', 'Introduction_to_external_forced_convection.txt', 'Scaling_Analysis_Momentum.txt', 'Governing_equations_Momentum_Conservation.txt']",5,"[1561.6, 1712.0914285714287, 1653.2114285714285, 1557.1591836734694, 1569.6979591836734]"
69,S.Chandramouleeswaran,"['Embedded_System_Software_and_Hardware_stack_implementation_in_ARM_Endianness_condition_codes.mp3', 'Processor_core_VS_CPU_core_ARM7TDMI_Interface_signals_Memory_Interface_Bus_Cycle_types.mp3']","['Processor_core_VS_CPU_core_ARM7TDMI_Interface_signals_Memory_Interface_Bus_Cycle_types.txt', 'Embedded_System_Software_and_Hardware_stack_implementation_in_ARM_Endianness_condition_codes.txt']",2,"[3302.8963265306124, 4010.2922448979593]"
70,Dr._T.E._Venkata_Balaji,"['Mod-01_Lec-02_Recalling_Singularities_of_Analytic_Functions_Non-isolated_and_Isolated_Removable.mp3', 'Mod-01_Lec-03_Recalling_Riemanns_Theorem_on_Removable_Singularities.mp3', 'Mod-01_Lec-04_Casorati-Weierstrass_Theorem_Dealing_with_the_Point_at_Infinity.mp3']","['Mod-01_Lec-04_Casorati-Weierstrass_Theorem_Dealing_with_the_Point_at_Infinity.txt', 'Mod-01_Lec-02_Recalling_Singularities_of_Analytic_Functions_Non-isolated_and_Isolated_Removable.txt', 'Mod-01_Lec-03_Recalling_Riemanns_Theorem_on_Removable_Singularities.txt']",3,"[2606.027755102041, 3102.380408163265, 2809.861224489796]"
71,Prof._Seema_Singh,"['Lecture_1_Introduction_to_Employment_Communication-A_Lab_based_Course.mp3', 'Lecture_2_Communication-An_Introduction.mp3', 'Lecture_3_Communication_Skills_at_the_Workplace.mp3', 'Lecture_4_Verbal_Communication-Introduction.mp3']","['Lecture_2_Communication-An_Introduction.txt', 'Lecture_3_Communication_Skills_at_the_Workplace.txt', 'Lecture_4_Verbal_Communication-Introduction.txt', 'Lecture_1_Introduction_to_Employment_Communication-A_Lab_based_Course.txt']",4,"[1642.0310204081632, 1924.3102040816327, 2067.2261224489794, 1865.9526530612245]"
72,Dr._Rajat_Agarwal,"['Introduction_to_Supply_Chain_Management.mp3', 'Evolution_of_Supply_Chain_Management.mp3', 'Supply_Chain_Planning.mp3', 'Analytics_in_Supply_Chain_Management.mp3']","['Introduction_to_Supply_Chain_Management.txt', 'Analytics_in_Supply_Chain_Management.txt', 'Evolution_of_Supply_Chain_Management.txt', 'Supply_Chain_Planning.txt']",4,"[1786.7493877551021, 1841.5804081632652, 1737.4563265306122, 2022.6089795918367]"
73,Prof._Biplab_Bose,"['Modeling_population_growth.mp3', 'Numerical_solution_of_ODE_1.mp3', 'How_to_Start_Modeling.mp3', 'Modeling_the_spread_of_infectious_disease.mp3']","['Modeling_population_growth.txt', 'Numerical_solution_of_ODE_1.txt', 'Modeling_the_spread_of_infectious_disease.txt', 'How_to_Start_Modeling.txt']",4,"[1363.722448979592, 1889.4889795918368, 2485.420408163265, 1375.7910204081634]"
74,Dr._Niket_Kaisare,"['MATLAB_Files-Scripts_and_Functions.mp3', 'Loops_and_Execution_Control.mp3', 'Plotting_and_Output.mp3', 'Tutorial_Using_Arrays.mp3', 'Basics_of_Programming_using_MATLAB.mp3', 'Array_Operations_in_MATLAB.mp3']","['Loops_and_Execution_Control.txt', 'Basics_of_Programming_using_MATLAB.txt', 'Tutorial_Using_Arrays.txt', 'Plotting_and_Output.txt', 'MATLAB_Files-Scripts_and_Functions.txt', 'Array_Operations_in_MATLAB.txt']",6,"[1364.6889795918366, 1012.610612244898, 1548.8, 1212.9697959183673, 1150.1975510204081, 1410.298775510204]"
75,Prof.Anuradha_Sharma,"['Lec-3_Management.mp3', 'Lec-2_Motivation.mp3', 'Lec-4_Work_Ethics.mp3']","['Lec-2_Motivation.txt', 'Lec-3_Management.txt', 'Lec-4_Work_Ethics.txt']",3,"[1919.2685714285715, 3564.930612244898, 3482.2791836734696]"
76,"Dr,_D_B_Kuranakar","['Shakeout_Fettling_and_Finishing.mp3', 'Inspection_Testing_and_Quality_Control.mp3', 'Design_Consideration_and_Economics.mp3']","['Inspection_Testing_and_Quality_Control.txt', 'Design_Consideration_and_Economics.txt', 'Shakeout_Fettling_and_Finishing.txt']",3,"[2877.126530612245, 2536.829387755102, 2535.9673469387753]"
77,Prof._Sudhir_Krishnaswamy,"['mod01lec02-Why_have_a_Constitution.mp3', 'mod01lec03-Constitutional_Change.mp3', 'mod01lec01-Introduction_to_Constitutions.mp3', 'mod02lec04-How_Should_a_Society_Make_a_Constitution.mp3']","['mod01lec02-Why_have_a_Constitution.txt', 'mod01lec01-Introduction_to_Constitutions.txt', 'mod02lec04-How_Should_a_Society_Make_a_Constitution.txt', 'mod01lec03-Constitutional_Change.txt']",4,"[1867.0497959183674, 2493.126530612245, 1798.4522448979592, 2012.290612244898]"
78,Dr.Chitralekha_Mahanta,"['Module-1_Lecture-2_PN_Junction_Diodes.mp3', 'Module-1_Lecture-3_Diode_Equivalent_Circuits.mp3']","['Module-1_Lecture-3_Diode_Equivalent_Circuits.txt', 'Module-1_Lecture-2_PN_Junction_Diodes.txt']",2,"[3545.1820408163267, 3585.9069387755103]"
79,Prof._Riya_Catherine_George,"['noc19-ce27-lec02.mp3', 'noc19-ce27-lec04.mp3', 'noc19-ce27-lec03.mp3', 'noc19-ce27-lec05.mp3']","['noc19-ce27-lec04.txt', 'noc19-ce27-lec05.txt', 'noc19-ce27-lec02.txt', 'noc19-ce27-lec03.txt']",4,"[1864.2808163265306, 1770.7102040816326, 1678.1061224489797, 1765.4595918367347]"
80,Prof._Aradhna_Malik,"['Lecture_6_Reading_research_documents.mp3', 'Lecture_10_Elements_of_writing.mp3', 'Lecture_8_Reviewing_Literature.mp3', 'Lecture_7_Paying_attention_to_what_you_read.mp3', 'Lecture_9_Reviewing_Literature-Contd.-.mp3']","['Lecture_8_Reviewing_Literature.txt', 'Lecture_6_Reading_research_documents.txt', 'Lecture_9_Reviewing_Literature-Contd.-.txt', 'Lecture_7_Paying_attention_to_what_you_read.txt', 'Lecture_10_Elements_of_writing.txt']",5,"[1073.9461224489796, 1611.0497959183674, 2034.3379591836735, 1135.2816326530613, 1298.5469387755102]"
81,Dr._S._Sankaran_Department_of_Metallurgical_and_Materials_Engineering,"['Magnification_and_resolution.mp3', 'Depth_of_fieldfocus_and_field_of_view.mp3', 'Lens_defectsfilters_and_light_microscopy_introduction.mp3']","['Magnification_and_resolution.txt', 'Depth_of_fieldfocus_and_field_of_view.txt', 'Lens_defectsfilters_and_light_microscopy_introduction.txt']",3,"[3015.2097959183675, 2930.128979591837, 2964.8195918367346]"
82,Dr._G.L._Sivakumar_Babu,"['Mod-01_Lec-02_Classification_of_ground_modification_techniques.mp3', 'Mod-01_Lec-03_Emerging_trends_in_ground_improvement.mp3', 'Mod-01_Lec-01_Need_for_Ground_Improvement.mp3']","['Mod-01_Lec-03_Emerging_trends_in_ground_improvement.txt', 'Mod-01_Lec-02_Classification_of_ground_modification_techniques.txt', 'Mod-01_Lec-01_Need_for_Ground_Improvement.txt']",3,"[3295.0073469387753, 3350.0473469387757, 3400.829387755102]"
83,Prof._S._Chakraborty,"['Mod-01_Lec-04_Equations_of_Conservation.mp3', 'Mod-01_Lec-02_Microfluidics_Some_Application_Examples.mp3', 'Mod-01_Lec-03_Microfluidics_Some_More_Application_Examples.mp3']","['Mod-01_Lec-02_Microfluidics_Some_Application_Examples.txt', 'Mod-01_Lec-04_Equations_of_Conservation.txt', 'Mod-01_Lec-03_Microfluidics_Some_More_Application_Examples.txt']",3,"[3364.911020408163, 3280.8489795918367, 3290.488163265306]"
84,"Dr._Sangeeta_Sahney,","['Mod-02_Lec-03_Market_Research_and_Consumer_Behaviour.mp3', 'Mod-02_Lec-04_Market_Research_and_Consumer_Behaviour-Contd-.mp3', 'Mod-01_Lec-02_Introduction_to_the_Study_of_Consumer_Behaviour-Contd-.mp3']","['Mod-02_Lec-04_Market_Research_and_Consumer_Behaviour-Contd-.txt', 'Mod-01_Lec-02_Introduction_to_the_Study_of_Consumer_Behaviour-Contd-.txt', 'Mod-02_Lec-03_Market_Research_and_Consumer_Behaviour.txt']",3,"[3362.612244897959, 3385.8089795918368, 3500.0163265306123]"
85,Prof._Shikha_Laloraya,"['Lec_02_Introduction_to_Cell_Biology_Cell_components_organization_and_processes-Part_II.mp3', 'Lec_04_DNA_The_genetic_material_Part_II.mp3', 'Lec_03_DNA_The_genetic_material_Part_I.mp3', 'Lec_01_Introduction_to_Cell_Biology_Cell_components_organization_and_processes-Part_I.mp3']","['Lec_01_Introduction_to_Cell_Biology_Cell_components_organization_and_processes-Part_I.txt', 'Lec_03_DNA_The_genetic_material_Part_I.txt', 'Lec_02_Introduction_to_Cell_Biology_Cell_components_organization_and_processes-Part_II.txt', 'Lec_04_DNA_The_genetic_material_Part_II.txt']",4,"[1669.8514285714286, 2251.4416326530613, 1557.76, 1977.8612244897959]"
86,Dr.Rinku_Mukherjee,"['Mod-01_Lec-04_Lecture-04-The_Mach_Number_and_Compressible_Flow.mp3', 'Mod-01_Lec-02_Lecture-02-Review_of_Basic_Thermodynamics_Continued.mp3', 'Mod-01_Lec-03_An_introduction_to_Normal_Shocks.mp3']","['Mod-01_Lec-02_Lecture-02-Review_of_Basic_Thermodynamics_Continued.txt', 'Mod-01_Lec-03_An_introduction_to_Normal_Shocks.txt', 'Mod-01_Lec-04_Lecture-04-The_Mach_Number_and_Compressible_Flow.txt']",3,"[2918.791836734694, 2870.2824489795917, 2848.0]"
87,Prof._Anuradha_Choudry,"['Lecture_05_Basic_Verbs_and_Some_Conjugations.mp3', 'Lecture_01_Introduction.mp3', 'Lecture_03_Sentence_Construction_and_its_underlying_logic.mp3', 'Lecture_02_The_Sounds_of_Sanskrit_Its_Alphabet.mp3']","['Lecture_02_The_Sounds_of_Sanskrit_Its_Alphabet.txt', 'Lecture_05_Basic_Verbs_and_Some_Conjugations.txt', 'Lecture_03_Sentence_Construction_and_its_underlying_logic.txt', 'Lecture_01_Introduction.txt']",4,"[1907.5395918367346, 1798.8702040816327, 2209.0187755102043, 2598.0604081632655]"
88,Prof._V._M._Gadre,"['Lecture_2B_Sampling_of_sine_wave_and_associate_complication.mp3', 'Lecture_2A_Introduction_to_sampling_and_Fourier_Transform.mp3', 'Lecture_3A_Review_of_Sampling_Theorem.mp3', 'Lecture_3B_Idealized_Sampling_Reconstruction.mp3', 'Lecture_1_Introduction_Digital_signal_processing_and_its_objectives.mp3', 'Lecture_3C_Filters_And_Discrete_System.mp3']","['Lecture_2B_Sampling_of_sine_wave_and_associate_complication.txt', 'Lecture_1_Introduction_Digital_signal_processing_and_its_objectives.txt', 'Lecture_3C_Filters_And_Discrete_System.txt', 'Lecture_3B_Idealized_Sampling_Reconstruction.txt', 'Lecture_2A_Introduction_to_sampling_and_Fourier_Transform.txt', 'Lecture_3A_Review_of_Sampling_Theorem.txt']",6,"[1772.8261224489795, 1240.1110204081633, 781.0089795918367, 1360.2481632653062, 1245.126530612245, 1102.2889795918368]"
89,Prof._A.K._Chattopadhyay,"['Mod-01_Lec-03_Adhesion_of_Surface_Coating.mp3', 'Mod-01_Lec-04_CVD_System.mp3', 'Mod-01_Lec-02_CVD_Reaction.mp3']","['Mod-01_Lec-02_CVD_Reaction.txt', 'Mod-01_Lec-03_Adhesion_of_Surface_Coating.txt', 'Mod-01_Lec-04_CVD_System.txt']",3,"[3368.437551020408, 3545.1297959183676, 3541.7077551020407]"
90,Dr._A.V._Ravishankar_Sarma,"['Mod-01_Lec-02_Non-arguments.mp3', 'Mod-01_Lec-04_Nature_and_Scope_of_Deductive_and_Inductive_Arguments.mp3', 'Mod-01_Lec-03_Types_of_Arguments_Deductive_vs_Inductive.mp3']","['Mod-01_Lec-02_Non-arguments.txt', 'Mod-01_Lec-04_Nature_and_Scope_of_Deductive_and_Inductive_Arguments.txt', 'Mod-01_Lec-03_Types_of_Arguments_Deductive_vs_Inductive.txt']",3,"[2948.5191836734693, 2623.1902040816326, 2944.208979591837]"
91,Prof._J._N._Mandal,"['Mod-01_Lec-03_Introduction_to_Reinforced_Earth.mp3', 'Mod-01_Lec-02_Introduction_to_Reinforced_Earth.mp3', 'Mod-01_Lec-04_Introduction_to_Reinforced_Earth.mp3']","['Mod-01_Lec-03_Introduction_to_Reinforced_Earth.txt', 'Mod-01_Lec-02_Introduction_to_Reinforced_Earth.txt', 'Mod-01_Lec-04_Introduction_to_Reinforced_Earth.txt']",3,"[3534.70693877551, 3166.8767346938776, 3107.2391836734696]"
92,Prof._Samudra_Roy,"['mod01lec02.mp3', 'mod01lec04.mp3', 'mod01lec03.mp3', 'mod01lec01.mp3']","['mod01lec02.txt', 'mod01lec04.txt', 'mod01lec01.txt', 'mod01lec03.txt']",4,"[1806.7069387755103, 1664.2089795918366, 1754.2008163265307, 1779.461224489796]"
93,Prof_Rashmi_Gaur,"['Defining_Proxemics_Four_Zones.mp3', 'Oculesics_I.mp3', 'Proxemics_Behavioral_Connotations.mp3', 'Defining_Body_Language_Scope_and_Relevance.mp3']","['Oculesics_I.txt', 'Defining_Proxemics_Four_Zones.txt', 'Defining_Body_Language_Scope_and_Relevance.txt', 'Proxemics_Behavioral_Connotations.txt']",4,"[1966.2889795918368, 1724.290612244898, 2580.271020408163, 2158.4979591836736]"
94,Prof._Mohammad_Saud_Afzal,"['mod01lec02.mp3', 'mod01lec04.mp3', 'mod01lec03.mp3', 'mod01lec05.mp3']","['mod01lec02.txt', 'mod01lec04.txt', 'mod01lec05.txt', 'mod01lec03.txt']",4,"[1987.84, 2194.128979591837, 2054.0604081632655, 1974.5697959183674]"
95,Prof._P.S._Sastry,"['Mod-02_Lec-03_The_Bayes_Classifier_for_minimizing_Risk.mp3', 'Mod-01_Lec-02_Overview_of_Pattern_Classifiers.mp3', 'Mod-02_Lec-04_Estimating_Bayes_Error_Minimax_and_Neymann-Pearson_classifiers.mp3']","['Mod-02_Lec-04_Estimating_Bayes_Error_Minimax_and_Neymann-Pearson_classifiers.txt', 'Mod-02_Lec-03_The_Bayes_Classifier_for_minimizing_Risk.txt', 'Mod-01_Lec-02_Overview_of_Pattern_Classifiers.txt']",3,"[3350.4914285714285, 3288.3461224489797, 3385.8873469387754]"
96,Dr.Padma_Vanker,"['Mod-01_Lec-03_Lecture-03_Natural_Dyes.mp3', 'Mod-01_Lec-02_Lecture-02_Natural_Dyes.mp3', 'Mod-01_Lec-05_Lecture-05_Natural_Dyes.mp3', 'Mod-01_Lec-04_Lecture-04_Natural_Dyes.mp3']","['Mod-01_Lec-05_Lecture-05_Natural_Dyes.txt', 'Mod-01_Lec-02_Lecture-02_Natural_Dyes.txt', 'Mod-01_Lec-04_Lecture-04_Natural_Dyes.txt', 'Mod-01_Lec-03_Lecture-03_Natural_Dyes.txt']",4,"[2184.3591836734695, 2374.008163265306, 2283.5461224489795, 2281.4563265306124]"
97,Dr._Varadraj_Bapat,"['Mod-02_Lec-03_Financial_Statements.mp3', 'Mod-01_Lec-02_Double_Entry_System_Forms_of_Organisation.mp3', 'Mod-02_Lec-04_Balance_Sheet.mp3']","['Mod-01_Lec-02_Double_Entry_System_Forms_of_Organisation.txt', 'Mod-02_Lec-03_Financial_Statements.txt', 'Mod-02_Lec-04_Balance_Sheet.txt']",3,"[3150.132244897959, 1493.5510204081634, 2949.642448979592]"
98,Prof._Pushparaj_mani_pathak,"['Lecture_1_Introduction.mp3', 'Lecture_4_Semiconductor_Electronics.mp3', 'Lecture_3_Electric_Circuits_and_Components.mp3', 'Lecture_2_Mechatronics_System_Examples.mp3']","['Lecture_1_Introduction.txt', 'Lecture_3_Electric_Circuits_and_Components.txt', 'Lecture_4_Semiconductor_Electronics.txt', 'Lecture_2_Mechatronics_System_Examples.txt']",4,"[2321.92, 2157.609795918367, 2157.4008163265307, 1667.5265306122449]"
99,Prof._Divya_A,"['The_Nineteenth_Century_Novel-Continued_2-.mp3', 'The_Nineteenth_Century_Novel-Continued_1-.mp3', 'Jane_Austens_Persuasion.mp3', 'Austens_Persuasion_Chapter_7-12-Continued-.mp3']","['Austens_Persuasion_Chapter_7-12-Continued-.txt', 'The_Nineteenth_Century_Novel-Continued_1-.txt', 'Jane_Austens_Persuasion.txt', 'The_Nineteenth_Century_Novel-Continued_2-.txt']",4,"[1814.4914285714285, 1574.5567346938776, 1373.178775510204, 2605.871020408163]"
100,Dr._Priyanka_Ghosh,"['Lecture_2-Analysis_of_Mechanical_System.mp3', 'Lecture_4-FBD_with_examples_on_modelling_of_typical_supports_and_joints.mp3', 'Lecture_5-Support_Conditions.mp3', 'Lecture_06-FBD_of_Frame_Structures.mp3', 'Lecture_3-Conditions_of_equilibrium_in_2D_and_3D.mp3']","['Lecture_4-FBD_with_examples_on_modelling_of_typical_supports_and_joints.txt', 'Lecture_3-Conditions_of_equilibrium_in_2D_and_3D.txt', 'Lecture_5-Support_Conditions.txt', 'Lecture_06-FBD_of_Frame_Structures.txt', 'Lecture_2-Analysis_of_Mechanical_System.txt']",5,"[1850.5926530612244, 1476.5714285714287, 1850.2791836734693, 1635.4481632653062, 1765.4595918367347]"
101,prof._shreesh_chaudhary,"['Feedback_on_Presentations_I.mp3', 'Stage_Manners.mp3', 'Student_Presentations_I.mp3']","['Student_Presentations_I.txt', 'Feedback_on_Presentations_I.txt', 'Stage_Manners.txt']",3,"[2763.2326530612245, 2943.320816326531, 2378.8669387755103]"
102,Prof._Sharmistha_Banerjee,"['Lec_1_Sustainability_and_Sustainable_Development-Part_A.mp3', 'Lec_3_Sustainability_and_Sustainable_Development-Part_C.mp3', 'Lec_2_Sustainability_and_Sustainable_Development-Part_B.mp3']","['Lec_3_Sustainability_and_Sustainable_Development-Part_C.txt', 'Lec_1_Sustainability_and_Sustainable_Development-Part_A.txt', 'Lec_2_Sustainability_and_Sustainable_Development-Part_B.txt']",3,"[2482.5991836734693, 3660.460408163265, 2426.357551020408]"
103,Prof._Sudeshna_Sarkar,"['Introduction.mp3', 'Different_Types_of_Learning.mp3', 'Evaluation_and_Cross-Validation.mp3', 'Hypothesis_Space_and_Inductive_Bias.mp3', 'Tutorial_I.mp3']","['Tutorial_I.txt', 'Evaluation_and_Cross-Validation.txt', 'Different_Types_of_Learning.txt', 'Introduction.txt', 'Hypothesis_Space_and_Inductive_Bias.txt']",5,"[1673.7697959183674, 1444.2318367346938, 1282.821224489796, 1954.7167346938775, 2486.7004081632654]"
104,Prof._BhaveshKumar_Bhajia,"['Lecture_1_Fundamentals_of_Protective_Relaying-I.mp3', 'Lecture_3_Fundamentals_of_Protective_Relaying-III.mp3', 'Lecture_2_Fundamentals_of_Protective_Relaying-II.mp3', 'Lecture_4_Fundamentals_of_Protective_Relaying-IV.mp3']","['Lecture_4_Fundamentals_of_Protective_Relaying-IV.txt', 'Lecture_2_Fundamentals_of_Protective_Relaying-II.txt', 'Lecture_3_Fundamentals_of_Protective_Relaying-III.txt', 'Lecture_1_Fundamentals_of_Protective_Relaying-I.txt']",4,"[1976.6595918367348, 1954.5861224489795, 2019.970612244898, 1870.2889795918368]"
105,Prof._Jenia_Mukherjee,"['Lecture_03_The_Nine_Planetary_Boundaries_Framework.mp3', 'Lecture_02_The_Anthropocene.mp3', 'Lecture_04_The_Capitalocene.mp3', 'Lecture_05_The_Urbanocene.mp3']","['Lecture_02_The_Anthropocene.txt', 'Lecture_04_The_Capitalocene.txt', 'Lecture_05_The_Urbanocene.txt', 'Lecture_03_The_Nine_Planetary_Boundaries_Framework.txt']",4,"[1927.7583673469387, 1735.4187755102041, 2058.24, 1679.2293877551022]"
106,Prof._Chhanda_Chakraborti,"['mod01lec02.mp3', 'mod01lec04.mp3', 'mod01lec03.mp3', 'mod01lec01.mp3']","['mod01lec02.txt', 'mod01lec04.txt', 'mod01lec01.txt', 'mod01lec03.txt']",4,"[2402.429387755102, 1959.4710204081632, 1758.1975510204081, 2006.2563265306123]"
107,unknown2,"['HG_WELLS_THE_RED_ROOM-Victorian_Gothic.mp3', 'ARTHUR_CONAN_DOYLE-The_Red-Headed_League-III.mp3', 'ARTHUR_CONAN_DOYLE_The_Red-Headed_League-Summary_and_Interview_of_the_Author.mp3', 'HG_WELLS_THE_RED_ROOM-Close_Reading_And_Its_Implications.mp3']","['HG_WELLS_THE_RED_ROOM-Victorian_Gothic.txt', 'ARTHUR_CONAN_DOYLE_The_Red-Headed_League-Summary_and_Interview_of_the_Author.txt', 'HG_WELLS_THE_RED_ROOM-Close_Reading_And_Its_Implications.txt', 'ARTHUR_CONAN_DOYLE-The_Red-Headed_League-III.txt']",4,"[2270.1714285714284, 2605.4008163265307, 840.5420408163266, 3079.7322448979594]"
108,Prof_Sunando_Dasgupta,"['Lecture_4_Relevant_Boundary_Conditions_in_Conduction.mp3', 'Lecture_3_Heat_Diffusion_Equation.mp3', 'Lecture_2_Introduction_to_Heat_Transfer-Contd-.mp3', 'Lecture_1_Introduction_to_Heat_Transfer.mp3']","['Lecture_4_Relevant_Boundary_Conditions_in_Conduction.txt', 'Lecture_3_Heat_Diffusion_Equation.txt', 'Lecture_1_Introduction_to_Heat_Transfer.txt', 'Lecture_2_Introduction_to_Heat_Transfer-Contd-.txt']",4,"[2739.2522448979594, 1891.1869387755103, 2066.4163265306124, 2008.7902040816327]"
109,Dr._AK_Gosain,"['Drip_Irrigation_System-I.mp3', 'Drip_Irrigation_System-II.mp3', 'Drip_Irrigation_System-III.mp3']","['Drip_Irrigation_System-III.txt', 'Drip_Irrigation_System-II.txt', 'Drip_Irrigation_System-I.txt']",3,"[1169.7110204081632, 3314.050612244898, 3303.549387755102]"
110,Prof._S._R._Chakravarthy,"['Mod-01_Lec-04_Dissociation_of_Products_Role_of_Pressure.mp3', 'Mod-01_Lec-02_Chemical_Reactions_Heats_of_Reaction_and_Formation.mp3', 'Mod-01_Lec-03_Sensible_Enthalpy_and_Adiabatic_Flame_Temperature.mp3']","['Mod-01_Lec-03_Sensible_Enthalpy_and_Adiabatic_Flame_Temperature.txt', 'Mod-01_Lec-04_Dissociation_of_Products_Role_of_Pressure.txt', 'Mod-01_Lec-02_Chemical_Reactions_Heats_of_Reaction_and_Formation.txt']",3,"[2956.721632653061, 3060.688979591837, 3103.0073469387753]"
111,Prof._Nina_Sabnani,"['Lecture_4_Equality_and_Empathy.mp3', 'Lecture_1_Introduction.mp3', 'Week_2_Lecture_6_Conclusion.mp3', 'Lecture_6_Objectivity_and_Subjectivity.mp3', 'Week_3_Lecture_1_Introduction.mp3', 'Week_2_Lecture_5_Fundamental_Concepts-cotd-.mp3', 'Week_2_Lecture_2_The_Ethnographic_Process.mp3', 'Lecture_2_Situating_Ethnography.mp3', 'Week_2_Lecture_1_Introduction.mp3', 'Lecture_3_Engaging_with_the_Other.mp3', 'Week_2_Lecture_4_Fundamental_Concepts.mp3', 'Lecture_5_Notions_of_Reality.mp3', 'Week_3_Lecture_2_The_Research_Question.mp3', 'Week_2_Lecture_3_Ethnography_Process_or_Product.mp3', 'Lecture_7_Conclusion.mp3']","['Lecture_3_Engaging_with_the_Other.txt', 'Lecture_1_Introduction.txt', 'Week_2_Lecture_4_Fundamental_Concepts.txt', 'Week_2_Lecture_2_The_Ethnographic_Process.txt', 'Lecture_2_Situating_Ethnography.txt', 'Lecture_7_Conclusion.txt', 'Lecture_6_Objectivity_and_Subjectivity.txt', 'Week_2_Lecture_1_Introduction.txt', 'Week_3_Lecture_1_Introduction.txt', 'Lecture_4_Equality_and_Empathy.txt', 'Week_3_Lecture_2_The_Research_Question.txt', 'Lecture_5_Notions_of_Reality.txt', 'Week_2_Lecture_5_Fundamental_Concepts-cotd-.txt', 'Week_2_Lecture_6_Conclusion.txt', 'Week_2_Lecture_3_Ethnography_Process_or_Product.txt']",15,"[499.069387755102, 459.38938775510206, 20.34938775510204, 494.5763265306122, 180.53224489795917, 1277.9624489795917, 740.4408163265306, 411.68979591836734, 142.55020408163264, 294.87020408163266, 623.229387755102, 408.39836734693876, 524.6693877551021, 367.83020408163264, 95.3991836734694]"
112,Prof._J._Ramkumar,"['noc19-me24_Lec_2-Introduction_to_Rapid_Manufacturing-Part_2_of_3-.mp3', 'noc19-me24_Lec_1-Introduction_to_Rapid_Manufacturing-Part_1_of_3-.mp3', 'noc19-me24_Lec_3-Introduction_to_Rapid_Manufacturing-Part_3_of_3-.mp3']","['noc19-me24_Lec_3-Introduction_to_Rapid_Manufacturing-Part_3_of_3-.txt', 'noc19-me24_Lec_1-Introduction_to_Rapid_Manufacturing-Part_1_of_3-.txt', 'noc19-me24_Lec_2-Introduction_to_Rapid_Manufacturing-Part_2_of_3-.txt']",3,"[3242.7885714285712, 2855.9673469387753, 2460.5779591836736]"
113,Prof._K.L._Sebastian,"['Mod-01_Lec-03_Path_Integrals_and_Schrodinger_Equation.mp3', 'Mod-01_Lec-04_Postulates-Part1.mp3', 'Mod-01_Lec-02_Standing_Waves.mp3']","['Mod-01_Lec-03_Path_Integrals_and_Schrodinger_Equation.txt', 'Mod-01_Lec-04_Postulates-Part1.txt', 'Mod-01_Lec-02_Standing_Waves.txt']",3,"[3025.1885714285713, 2589.1526530612246, 2961.867755102041]"
114,Madhavan_Mukand,"['downloading_and_installing_python.mp3', 'euclids_algorithm_for_gcd.mp3', 'improving_naive_gcd.mp3', 'assignment_statement_basic_types-int_float_bool.mp3', 'lists.mp3', 'strings.mp3']","['euclids_algorithm_for_gcd.txt', 'assignment_statement_basic_types-int_float_bool.txt', 'improving_naive_gcd.txt', 'downloading_and_installing_python.txt', 'strings.txt', 'lists.txt']",6,"[1232.3526530612246, 1384.6204081632652, 782.3412244897959, 1268.1404081632654, 1683.6179591836735, 1249.8808163265305]"
115,Prof_Deepak_Khemani,"['Introduction_to_AI.mp3', 'AI_Introduction_Philosophy.mp3', 'AI_Introduction.mp3']","['AI_Introduction_Philosophy.txt', 'Introduction_to_AI.txt', 'AI_Introduction.txt']",3,"[3064.241632653061, 2601.6391836734692, 3148.460408163265]"
116,Prof._K._Rajagopal,"['Mod-01_Lec-02_Types_and_Functions_of_Geosynthetics.mp3', 'Mod-01_Lec-03_Polymers_in_Geosynthetics_and_Manufacturing_Techniques.mp3', 'Mod-01_Lec-04_Strength_Analysis_of_Reinforced_Soils-I.mp3']","['Mod-01_Lec-02_Types_and_Functions_of_Geosynthetics.txt', 'Mod-01_Lec-03_Polymers_in_Geosynthetics_and_Manufacturing_Techniques.txt', 'Mod-01_Lec-04_Strength_Analysis_of_Reinforced_Soils-I.txt']",3,"[3060.5061224489796, 3116.1208163265305, 2800.770612244898]"
117,Prof._Ashok_N._Bhaskarwar,"['Surface_Tension_Free_Energies_and_Adsorption.mp3', 'Spreading_from_Liquids_and_Solids.mp3', 'Properties_over_Curved_Surfaces.mp3']","['Properties_over_Curved_Surfaces.txt', 'Spreading_from_Liquids_and_Solids.txt', 'Surface_Tension_Free_Energies_and_Adsorption.txt']",3,"[2577.6326530612246, 2836.0881632653063, 2900.4016326530614]"
118,Prof._Sulochana_Gadgil,"['Mod-01_Lec-03_Monsoon_variability_through_the_eye_in_the_sky.mp3', 'Mod-01_Lec-02_Nature_of_the_variability_of_the_Indian_Monsoon.mp3', 'Mod-02_Lec-04_Background_about_the_atmosphere_and_rotating_systems.mp3']","['Mod-01_Lec-02_Nature_of_the_variability_of_the_Indian_Monsoon.txt', 'Mod-02_Lec-04_Background_about_the_atmosphere_and_rotating_systems.txt', 'Mod-01_Lec-03_Monsoon_variability_through_the_eye_in_the_sky.txt']",3,"[2959.9608163265307, 3171.2914285714287, 2831.9085714285716]"
119,Dr._Trupti_Mishra,"['Mod-01_Lec-03_Introduction_to_Managerial_Economics.mp3', 'Mod-01_Lec-04_Basic_Tools_of_Economic_Analysis_and_Optimization_Techniques.mp3', 'Mod-01_Lec-02_Introduction_to_Managerial_Economics.mp3']","['Mod-01_Lec-03_Introduction_to_Managerial_Economics.txt', 'Mod-01_Lec-04_Basic_Tools_of_Economic_Analysis_and_Optimization_Techniques.txt', 'Mod-01_Lec-02_Introduction_to_Managerial_Economics.txt']",3,"[3266.351020408163, 3185.711020408163, 3160.4767346938775]"
120,Prof._K._Ramesh_IIT_Madras,"['Lec_02_Introduction_to_Engineering_Mechanics_II.mp3', 'Lec_01_Introduction_to_Engineering_Mechanics_I.mp3', 'Lec_03_Force_Systems_I.mp3']","['Lec_01_Introduction_to_Engineering_Mechanics_I.txt', 'Lec_03_Force_Systems_I.txt', 'Lec_02_Introduction_to_Engineering_Mechanics_II.txt']",3,"[2848.2873469387755, 2120.1502040816326, 2874.1485714285714]"
121,Prof.v.M.Gadre,"['Mod-01_Lec-02_The_Haar_Wavelet.mp3', 'Mod-01_Lec-04_Wavelets_And_Multirate_Digital_Signal_Processing.mp3', 'Mod-01_Lec-03_The_Haar_Multiresolution_Analysis.mp3']","['Mod-01_Lec-03_The_Haar_Multiresolution_Analysis.txt', 'Mod-01_Lec-04_Wavelets_And_Multirate_Digital_Signal_Processing.txt', 'Mod-01_Lec-02_The_Haar_Wavelet.txt']",3,"[3603.591836734694, 3176.1502040816326, 3148.8522448979593]"
122,Prof._Mani_Mehra,"['Introduction_to_Second_Order_Linear_Differential_Equations.mp3', 'Introduction_to_First_Order_Differential_Equations2.mp3', 'Introduction_to_First_Order_Differential_Equations.mp3']","['Introduction_to_Second_Order_Linear_Differential_Equations.txt', 'Introduction_to_First_Order_Differential_Equations2.txt', 'Introduction_to_First_Order_Differential_Equations.txt']",3,"[3341.818775510204, 3164.1861224489794, 3393.5412244897957]"
123,Prof._Dr._G.P._Raja_Sekhar,"['Mod-04_Lec-04_Runge-Kutta_Methods_for_IVPs.mp3', 'Mod-03_Lec-03_Analysis_of_Single_Step_Methods.mp3', 'Mod-02_Lec-02_Single-Step_Methods_for_IVPs.mp3']","['Mod-04_Lec-04_Runge-Kutta_Methods_for_IVPs.txt', 'Mod-02_Lec-02_Single-Step_Methods_for_IVPs.txt', 'Mod-03_Lec-03_Analysis_of_Single_Step_Methods.txt']",3,"[3318.909387755102, 3300.911020408163, 3251.4089795918367]"
124,Prof._Joydeep_Dutta,"['Examples_of_Irrational_numbers.mp3', 'Limits_of_Functions-I.mp3', 'Functions.mp3', 'Countability_and_Uncountability.mp3']","['Examples_of_Irrational_numbers.txt', 'Countability_and_Uncountability.txt', 'Limits_of_Functions-I.txt', 'Functions.txt']",4,"[1957.6424489795918, 2607.281632653061, 2001.3975510204082, 2254.471836734694]"
125,Prof.I.Sengupta,"['Lecture-2_Review_Of_Network_Technologies.mp3', 'Lecture-3_TCPIP-Part-1.mp3', 'Lecture-4_TCPIP-Part-II.mp3']","['Lecture-2_Review_Of_Network_Technologies.txt', 'Lecture-3_TCPIP-Part-1.txt', 'Lecture-4_TCPIP-Part-II.txt']",3,"[3545.991836734694, 3548.1077551020408, 3536.692244897959]"
126,Prof._Wasim_Ahmad,"['noc21-hs51-lec04.mp3', 'noc21-hs51-lec03.mp3', 'noc21-hs51-lec05.mp3', 'noc21-hs51-lec01.mp3', 'noc21-hs51-lec02.mp3']","['noc21-hs51-lec01.txt', 'noc21-hs51-lec04.txt', 'noc21-hs51-lec03.txt', 'noc21-hs51-lec02.txt', 'noc21-hs51-lec05.txt']",5,"[1497.2865306122449, 1586.3118367346938, 1519.4383673469388, 1495.7191836734694, 1530.4620408163266]"
127,Dr._Susmita_Mukhopadhyay,"['mod01lec02.mp3', 'mod01lec04.mp3', 'mod01lec03.mp3', 'mod01lec01.mp3']","['mod01lec02.txt', 'mod01lec04.txt', 'mod01lec01.txt', 'mod01lec03.txt']",4,"[2259.2261224489794, 1958.6089795918367, 1575.810612244898, 2308.1795918367347]"
128,Prof._Amit_Jain,"['Diodes_Introduction_to_The_Transistor.mp3', 'MOS_Device_Characteristics.mp3', 'Introduction_to_Analog_Circuits_Introduction_to_the_Diode.mp3']","['Introduction_to_Analog_Circuits_Introduction_to_the_Diode.txt', 'Diodes_Introduction_to_The_Transistor.txt', 'MOS_Device_Characteristics.txt']",3,"[3180.2514285714287, 3418.749387755102, 3368.071836734694]"
129,Dr._Smiti_Jha,"['Lecture_03.mp3', 'Lecture_05.mp3', 'Lecture_04.mp3', 'Lecture_02.mp3']","['Lecture_04.txt', 'Lecture_02.txt', 'Lecture_03.txt', 'Lecture_05.txt']",4,"[1821.9624489795917, 1934.7591836734694, 1827.84, 2043.5591836734693]"
130,Prof._S.K._Maiti,"['Lecture-2_Advanced_Strength_of_Materials.mp3', 'Lecture-4_Advanced_Strength_of_Materials.mp3', 'Lecture-3_Advanced_Strength_of_Materials.mp3']","['Lecture-2_Advanced_Strength_of_Materials.txt', 'Lecture-4_Advanced_Strength_of_Materials.txt', 'Lecture-3_Advanced_Strength_of_Materials.txt']",3,"[3289.338775510204, 3233.4367346938775, 3116.721632653061]"
131,Prof._D.K._Ghosh,"['Mod-01_Lec-02_Line_and_Surface_Integrals.mp3', 'Mod-01_Lec-04_Conservative_Field_Stokes_Theorem.mp3', 'Mod-01_Lec-03_Divergence_and_Curl_of_Vector_Fields.mp3']","['Mod-01_Lec-04_Conservative_Field_Stokes_Theorem.txt', 'Mod-01_Lec-02_Line_and_Surface_Integrals.txt', 'Mod-01_Lec-03_Divergence_and_Curl_of_Vector_Fields.txt']",3,"[3087.5167346938774, 2980.7020408163266, 3011.761632653061]"
132,Dr._S._Vaidhyasubramaniam,"['Mod-01_Lec-02_Introduction_to_Accounting.mp3', 'Mod-01_Lec-03_Accounting_Principles-1.mp3', 'Mod-01_Lec-04_Balance_Sheet_Fundamentals.mp3']","['Mod-01_Lec-02_Introduction_to_Accounting.txt', 'Mod-01_Lec-03_Accounting_Principles-1.txt', 'Mod-01_Lec-04_Balance_Sheet_Fundamentals.txt']",3,"[2936.1110204081633, 2614.2302040816326, 2979.448163265306]"
133,Prof._Swarup_bag,"['Lec_2_Fusion_welding-1.mp3', 'Lec_1_Properties_Modelling_approaches_Process_modelling_and_Optimization.mp3']","['Lec_2_Fusion_welding-1.txt', 'Lec_1_Properties_Modelling_approaches_Process_modelling_and_Optimization.txt']",2,"[3591.549387755102, 3724.3297959183674]"
134,Prof._Phalguni_Gupta,"['Mod-01_Lec-03_Parallel_Algorithm.mp3', 'Mod-01_Lec-02_Parallel_Algorithm.mp3']","['Mod-01_Lec-02_Parallel_Algorithm.txt', 'Mod-01_Lec-03_Parallel_Algorithm.txt']",2,"[4127.7387755102045, 3757.296326530612]"
135,Prof._S.D._Agashe,"['Lec-2_Some_More_Examples.mp3', 'Lec-3_Different_kinds_of_Control_Systems.mp3']","['Lec-3_Different_kinds_of_Control_Systems.txt', 'Lec-2_Some_More_Examples.txt']",2,"[4088.711836734694, 3865.6]"
136,Prof._S._Lakshmi_Bala,"['Mod-01_Lec-03_Linear_Vector_Spaces-II_The_two-level_atom.mp3', 'Mod-01_Lec-02_Linear_Vector_Spaces-I.mp3', 'Mod-01_Lec-04_Linear_Vector_Spaces-III_The_three-level_atom.mp3']","['Mod-01_Lec-03_Linear_Vector_Spaces-II_The_two-level_atom.txt', 'Mod-01_Lec-04_Linear_Vector_Spaces-III_The_three-level_atom.txt', 'Mod-01_Lec-02_Linear_Vector_Spaces-I.txt']",3,"[2800.3004081632653, 3804.499591836735, 2975.2685714285712]"
137,Dr._B.V.S._Viswanadham,"['Mod-01_Lec-04_Clay_Mineralogy_and_Soil-air-water_interaction.mp3', 'Mod-01_Lec-02_Three_Phase_soil_systemVolumetric_ratios_and_Basic_relationships.mp3', 'Mod-01_Lec-03_Particle_sizesshapes_and_arrangement.mp3']","['Mod-01_Lec-04_Clay_Mineralogy_and_Soil-air-water_interaction.txt', 'Mod-01_Lec-02_Three_Phase_soil_systemVolumetric_ratios_and_Basic_relationships.txt', 'Mod-01_Lec-03_Particle_sizesshapes_and_arrangement.txt']",3,"[3169.0187755102043, 3222.831020408163, 3604.6367346938778]"
138,Dr._M.P._Gururajan,"['Week_1_Lecture_6_Random_variable_and_Expectation_III.mp3', 'Week_1_Lecture_3_Probability_and_Distribution.mp3', 'Week_1_Lecture_1_Descriptive_Statistics-I.mp3', 'Week_1_Lecture_2_Descriptive_Statistics-II.mp3', 'Week_1_Lecture_5_Random_variable_and_Expectation_II.mp3', 'Week_1_Lecture_4_Random_variable_and_Expectation_I.mp3']","['Week_1_Lecture_6_Random_variable_and_Expectation_III.txt', 'Week_1_Lecture_2_Descriptive_Statistics-II.txt', 'Week_1_Lecture_1_Descriptive_Statistics-I.txt', 'Week_1_Lecture_5_Random_variable_and_Expectation_II.txt', 'Week_1_Lecture_4_Random_variable_and_Expectation_I.txt', 'Week_1_Lecture_3_Probability_and_Distribution.txt']",6,"[1296.2220408163266, 1711.6995918367347, 1521.0318367346938, 1545.6391836734695, 1178.2008163265307, 925.8318367346939]"
139,Dr._Liza_Das_and_Dr._Krishna_Barua,"['Mod-01_Lec-03_The_English_Language.mp3', 'Mod-01_Lec-04_International_English.mp3', 'Mod-01_Lec-02_The_Scope_of_English_Studies.mp3']","['Mod-01_Lec-04_International_English.txt', 'Mod-01_Lec-03_The_English_Language.txt', 'Mod-01_Lec-02_The_Scope_of_English_Studies.txt']",3,"[3143.549387755102, 3000.9208163265307, 3626.7102040816326]"
140,Prof._Vinayshil_Gautam,"['Mod-01_Lec-04_Concerns_of_organising_engineering_business_and_systems.mp3', 'Mod-01_Lec-03_Understanding_organizations_nature_and_functions_contd.mp3', 'Mod-01_Lec-02_Understanding_organizations_nature_and_functions.mp3']","['Mod-01_Lec-03_Understanding_organizations_nature_and_functions_contd.txt', 'Mod-01_Lec-02_Understanding_organizations_nature_and_functions.txt', 'Mod-01_Lec-04_Concerns_of_organising_engineering_business_and_systems.txt']",3,"[2763.6767346938777, 2568.646530612245, 2598.086530612245]"
141,Prof_Aysha_Iqbal,"['Comprehending_Literary_Passages-2.mp3', 'Comprehending_Literary_Passages-1.mp3', 'Literature_and_Reading_Comprehension.mp3', 'Scientific_Passages_and_Reading_Comprehension.mp3', 'Comprehending_Scientific_Passages.mp3']","['Comprehending_Scientific_Passages.txt', 'Scientific_Passages_and_Reading_Comprehension.txt', 'Comprehending_Literary_Passages-1.txt', 'Comprehending_Literary_Passages-2.txt', 'Literature_and_Reading_Comprehension.txt']",5,"[2126.8114285714287, 1501.831836734694, 1153.28, 2310.8963265306124, 1614.08]"
142,Dr._Neeraja_Dashaputre,"['Introduction_to_Molecular_Orbital_Theory_Part-1.mp3', 'Alkanes_and_Cycloalkanes_Part_1.mp3', 'Tutorial_01.mp3', 'Learning_Objectives_for_week_2.mp3']","['Introduction_to_Molecular_Orbital_Theory_Part-1.txt', 'Alkanes_and_Cycloalkanes_Part_1.txt', 'Tutorial_01.txt', 'Learning_Objectives_for_week_2.txt']",4,"[1793.6195918367348, 2326.831020408163, 2521.991836734694, 465.37142857142857]"
143,Prof._S.N._Merchant,"['L2-Definition_of_Information_Measure_and_Entropy.mp3', 'Mod-01_Lec-03_Extension_of_An_Information_Source_and_Markov_Source.mp3', 'Mod-01_Lec-04_Adjoint_of_An_Information_Source_Joint_and_Conditional_Information_Measures.mp3']","['Mod-01_Lec-04_Adjoint_of_An_Information_Source_Joint_and_Conditional_Information_Measures.txt', 'L2-Definition_of_Information_Measure_and_Entropy.txt', 'Mod-01_Lec-03_Extension_of_An_Information_Source_and_Markov_Source.txt']",3,"[3145.5608163265306, 3316.6367346938778, 3357.1526530612246]"
144,Prof._Soumitra_SataPathi,"['Energy_Band_Diagram.mp3', 'Introduction_of_Quantum_Mechanics_in_Solar_Photovoltaics-II.mp3', 'Introduction_of_Quantum_Mechanics_in_Solar_Photovoltaics-I.mp3', 'Charge_Carrier_Dynamics_in_Semiconductor.mp3']","['Charge_Carrier_Dynamics_in_Semiconductor.txt', 'Introduction_of_Quantum_Mechanics_in_Solar_Photovoltaics-I.txt', 'Introduction_of_Quantum_Mechanics_in_Solar_Photovoltaics-II.txt', 'Energy_Band_Diagram.txt']",4,"[2521.286530612245, 1585.4497959183673, 2184.3069387755104, 1718.7004081632654]"
145,Meenakshi_D_Souza,"['Terminologies.mp3', 'Basics_of_Graphs_As_used_in_testing.mp3', 'Testing_based_on_Models_and_Criteria.mp3', 'Automation_JUnit_as_an_example.mp3']","['Basics_of_Graphs_As_used_in_testing.txt', 'Automation_JUnit_as_an_example.txt', 'Terminologies.txt', 'Testing_based_on_Models_and_Criteria.txt']",4,"[1568.4179591836735, 2023.6016326530612, 1898.4489795918366, 1627.0367346938776]"
146,Prof._Sumana_Gupta,"['mod01lec02.mp3', 'mod01lec04.mp3', 'mod01lec03.mp3', 'mod01lec05.mp3', 'mod01lec01.mp3']","['mod01lec02.txt', 'mod01lec04.txt', 'mod01lec05.txt', 'mod01lec01.txt', 'mod01lec03.txt']",5,"[2638.471836734694, 1731.9967346938774, 1653.2897959183674, 1662.1191836734695, 1899.4677551020409]"
147,Prof._Sudha_Goel_and_Prof._Anjali_Pal,"['Lecture_40_Cell_Biology-III.mp3', 'Lecture_43_Microscopy-II.mp3', 'Lecture_39_Cell_Biology-II.mp3', 'Lecture_41_Cell_Biology-IV.mp3', 'Lecture_42_Microscopy-I.mp3']","['Lecture_42_Microscopy-I.txt', 'Lecture_39_Cell_Biology-II.txt', 'Lecture_43_Microscopy-II.txt', 'Lecture_41_Cell_Biology-IV.txt', 'Lecture_40_Cell_Biology-III.txt']",5,"[1907.4089795918367, 2361.991836734694, 2045.831836734694, 1224.829387755102, 2201.0514285714285]"
148,Prof._Prateek_Kumar_Jha,"['Lecture_03_Probability_and_probability_distributions.mp3', 'Lecture_01-Introduction_to_the_course.mp3', 'Lecture_04_Probability_distributions_and_thermodynamic_equilibrium.mp3', 'Lecture_02_Molecular_basis_of_energy_and_entropy.mp3']","['Lecture_02_Molecular_basis_of_energy_and_entropy.txt', 'Lecture_03_Probability_and_probability_distributions.txt', 'Lecture_01-Introduction_to_the_course.txt', 'Lecture_04_Probability_distributions_and_thermodynamic_equilibrium.txt']",4,"[1879.170612244898, 1310.1975510204081, 2045.8579591836735, 1768.1502040816326]"
149,Prof.Sudeshna_Sarkar_and_Prof.Anupam_Basu,"['Lecture-3_State_Space_Search.mp3', 'Lecture-2_Intelligent_Agents.mp3', 'Lecture-4_Uninformed_Search.mp3']","['Lecture-2_Intelligent_Agents.txt', 'Lecture-3_State_Space_Search.txt', 'Lecture-4_Uninformed_Search.txt']",3,"[3491.082448979592, 3322.0702040816327, 3547.6897959183675]"
150,G_S_Manohar,"['FEM_motivations_Analysis_of_axially_vibrating_rods_and_Euler-Bernoulli_beams.mp3', 'Equations_of_motion_for_continuous_systems.mp3', 'Rayleigh_Ritz_method_and_method_of_weighted_residuals.mp3']","['Equations_of_motion_for_continuous_systems.txt', 'Rayleigh_Ritz_method_and_method_of_weighted_residuals.txt', 'FEM_motivations_Analysis_of_axially_vibrating_rods_and_Euler-Bernoulli_beams.txt']",3,"[3228.656326530612, 3025.789387755102, 3324.551836734694]"
151,Dr._Shirish_K._Shevade,"['Mod-02_Lec-02_Mathematical_Background.mp3', 'Mod-03_Lec-04_One_Dimensional_Optimization-Optimality_Conditions.mp3', 'Mod-02_Lec-03_Mathematical_Background-contd-.mp3']","['Mod-02_Lec-03_Mathematical_Background-contd-.txt', 'Mod-02_Lec-02_Mathematical_Background.txt', 'Mod-03_Lec-04_One_Dimensional_Optimization-Optimality_Conditions.txt']",3,"[3295.059591836735, 3311.5689795918365, 3481.469387755102]"
152,Prof_Rangu_Nadan_Sengupta,"['noc19-mg15_Lec_05-Utility_Analysis.mp3', 'noc19-mg15_Lec_03-Utility_Analysis.mp3', 'noc19-mg15_Lec_02-Utility_Analysis.mp3', 'noc19-mg15_Lec_04-Utility_Analysis.mp3', 'noc19-mg15_Lec_01-Utility_Analysis.mp3']","['noc19-mg15_Lec_04-Utility_Analysis.txt', 'noc19-mg15_Lec_02-Utility_Analysis.txt', 'noc19-mg15_Lec_01-Utility_Analysis.txt', 'noc19-mg15_Lec_05-Utility_Analysis.txt', 'noc19-mg15_Lec_03-Utility_Analysis.txt']",5,"[1760.130612244898, 1769.221224489796, 1764.5714285714287, 1720.2416326530613, 1680.5616326530612]"
153,Prof._Jhumkee_Iyengar,"['People_Centered_Design_Methodology.mp3', 'Examine_and_Reflect_on_the_Problem.mp3', 'Reconsider_and_arrive_at_the_rightproblem_to_solve.mp3', 'The_Need_to_be_People_Centered.mp3', 'Introduction_to_Design_Thinking.mp3']","['Introduction_to_Design_Thinking.txt', 'Reconsider_and_arrive_at_the_rightproblem_to_solve.txt', 'Examine_and_Reflect_on_the_Problem.txt', 'People_Centered_Design_Methodology.txt', 'The_Need_to_be_People_Centered.txt']",5,"[1870.0016326530613, 1193.978775510204, 1462.7004081632654, 1053.1004081632652, 2062.210612244898]"
154,Dr._Ranjit_Bauri,"['Powder_Fabrication_Methods_Mechanical_and_Electrolytic_Fabrication.mp3', 'Powder_Fabrication_Methods_Mechanical_Fabrication.mp3', 'Powder_Fabrication_Methods_Chemical_Fabrication.mp3', 'Introduction_to_Powder_Metallurgy.mp3']","['Introduction_to_Powder_Metallurgy.txt', 'Powder_Fabrication_Methods_Mechanical_and_Electrolytic_Fabrication.txt', 'Powder_Fabrication_Methods_Chemical_Fabrication.txt', 'Powder_Fabrication_Methods_Mechanical_Fabrication.txt']",4,"[1936.1175510204082, 1597.9624489795917, 1624.7379591836734, 1965.4791836734694]"
155,Prof._Anjali_Gera_Roy,"['Lecture_4_The_Power_of_words.mp3', 'Lecture_3_Encoding_Meaning_Using_Verbal_Symbols.mp3', 'Lecture_1_Introduction,_The_Art_of_Speakihg.mp3', 'Lecture_2_Encoding_Meaning_Using_Verbal_and_Nonverbal_Symbols.mp3']","['Lecture_1_Introduction,_The_Art_of_Speakihg.txt', 'Lecture_3_Encoding_Meaning_Using_Verbal_Symbols.txt', 'Lecture_2_Encoding_Meaning_Using_Verbal_and_Nonverbal_Symbols.txt', 'Lecture_4_The_Power_of_words.txt']",4,"[1802.6579591836735, 2569.0383673469387, 2355.7485714285713, 2094.7591836734696]"
156,Prof._G.D._Ray,"['Mod-01_Lec-03_Optimality_Conditions_for_function_of_several_variables.mp3', 'Mod-01_Lec-04_Optimality_Conditions_for_function_of_several_variables-Contd-.mp3', 'Mod-01_Lec-02_Introduction_to_Optimization-Contd-.mp3']","['Mod-01_Lec-03_Optimality_Conditions_for_function_of_several_variables.txt', 'Mod-01_Lec-02_Introduction_to_Optimization-Contd-.txt', 'Mod-01_Lec-04_Optimality_Conditions_for_function_of_several_variables-Contd-.txt']",3,"[3375.751836734694, 3379.6702040816326, 3406.288979591837]"
157,Prof._Indu_Siva_Ranjani_Gandhi,"['Lec_2_Estimation_of_Ownership_cost-Average_Annual_Investment_method-.mp3', 'Lec_1_Planning_process_of_equipment.mp3']","['Lec_2_Estimation_of_Ownership_cost-Average_Annual_Investment_method-.txt', 'Lec_1_Planning_process_of_equipment.txt']",2,"[3940.6497959183675, 4602.618775510204]"
158,Prof._Anjali_Pal,"['Lecture_02_Acids,Bases_and_Salts_part-II.mp3', 'Lecture_03_Acids,Bases_and_Salts_part-III.mp3', 'Lecture_04_Acids,Bases_and_Salts_part-IV.mp3', 'Lecture_05_Acids,Bases_and_Salts_part-V.mp3', 'Lecture_01_Acids,Bases_and_Salts_part-I.mp3']","['Lecture_02_Acids,Bases_and_Salts_part-II.txt', 'Lecture_03_Acids,Bases_and_Salts_part-III.txt', 'Lecture_04_Acids,Bases_and_Salts_part-IV.txt', 'Lecture_05_Acids,Bases_and_Salts_part-V.txt', 'Lecture_01_Acids,Bases_and_Salts_part-I.txt']",5,"[1615.7518367346938, 1466.88, 1382.4, 1275.0106122448979, 1364.349387755102]"
159,Prof._A.R._Mohanty,"['Mod-01_Lec-04_Fault_Diagnostics_and_Prognostics.mp3', 'Mod-01_Lec-03_Failure_Modes_Effects_and_Criticality_Analysis.mp3', 'Mod-01_Lec-02_Maintenance_Principles.mp3']","['Mod-01_Lec-04_Fault_Diagnostics_and_Prognostics.txt', 'Mod-01_Lec-03_Failure_Modes_Effects_and_Criticality_Analysis.txt', 'Mod-01_Lec-02_Maintenance_Principles.txt']",3,"[3158.4391836734694, 2682.122448979592, 3078.217142857143]"
160,Dr._Ankur_Awadhlya,"['noc19-bt09_Lecture_03-Ecology_and_Evolution.mp3', 'noc19-bt09_Lecture_01-Introduction_to_the_Course.mp3', 'noc19-bt09_Lecture_02-A_historical_overview_of_Ecology.mp3']","['noc19-bt09_Lecture_03-Ecology_and_Evolution.txt', 'noc19-bt09_Lecture_01-Introduction_to_the_Course.txt', 'noc19-bt09_Lecture_02-A_historical_overview_of_Ecology.txt']",3,"[2860.3297959183674, 2777.9395918367345, 3202.821224489796]"
161,Dr.Nandita_Dasgupta,"['Lecture-4_Crystal_Structure_of_Si.mp3', 'Lecture-2_Bipolar_Junction_Transistor_Fabrication.mp3', 'Lecture-3_MOSFET_Fabrication_for_IC.mp3']","['Lecture-2_Bipolar_Junction_Transistor_Fabrication.txt', 'Lecture-4_Crystal_Structure_of_Si.txt', 'Lecture-3_MOSFET_Fabrication_for_IC.txt']",3,"[2996.427755102041, 2877.2571428571428, 2962.4163265306124]"
162,Dr._Padma_S_Vankar,"['Mod-01_Lec-03_Lecture-03_Natural_Dyes.mp3', 'Mod-01_Lec-02_Lecture-02_Natural_Dyes.mp3', 'Mod-01_Lec-05_Lecture-05_Natural_Dyes.mp3', 'Mod-01_Lec-04_Lecture-04_Natural_Dyes.mp3']","['Mod-01_Lec-05_Lecture-05_Natural_Dyes.txt', 'Mod-01_Lec-02_Lecture-02_Natural_Dyes.txt', 'Mod-01_Lec-04_Lecture-04_Natural_Dyes.txt', 'Mod-01_Lec-03_Lecture-03_Natural_Dyes.txt']",4,"[2184.3591836734695, 2374.008163265306, 2283.5461224489795, 2281.4563265306124]"
163,Prof_V._Babu,"['Hydro_Turbomachines-Centrifugal_pumps-Part-01.mp3', 'Hydro_Turbomachines-Centrifugal_pumps-Part-03.mp3', 'Basic_Theroy_of_Turbomachines-Part-01.mp3', 'Basic_Theroy_of_Turbomachines-Part0-06.mp3', 'Basic_Theroy_of_Turbomachines-Part-03.mp3', 'Basic_Theroy_of_Turbomachines-Part-04.mp3', 'Basic_Theroy_of_Turbomachines-Part-05.mp3', 'Basic_Theroy_of_Turbomachines-Part-02.mp3', 'Hydro_Turbomachines-Centrifugal_pumps-Part-02.mp3']","['Basic_Theroy_of_Turbomachines-Part0-06.txt', 'Hydro_Turbomachines-Centrifugal_pumps-Part-01.txt', 'Hydro_Turbomachines-Centrifugal_pumps-Part-02.txt', 'Basic_Theroy_of_Turbomachines-Part-01.txt', 'Basic_Theroy_of_Turbomachines-Part-02.txt', 'Basic_Theroy_of_Turbomachines-Part-04.txt', 'Hydro_Turbomachines-Centrifugal_pumps-Part-03.txt', 'Basic_Theroy_of_Turbomachines-Part-05.txt', 'Basic_Theroy_of_Turbomachines-Part-03.txt']",9,"[1052.9697959183673, 1227.9902040816326, 780.7216326530612, 372.19265306122446, 892.7608163265306, 563.8269387755103, 669.9363265306123, 953.0775510204081, 923.7420408163265]"
164,Prof._Mamata_Jenamani,"['Lecture_9_Decision_support_for_the_management.mp3', 'Lecture_6_Inter_and_Intra_Organizational_Business_Processes.mp3', 'Lecture_7_Information_system_foundations.mp3', 'Lecture_8_Types_of_business_information_system.mp3']","['Lecture_8_Types_of_business_information_system.txt', 'Lecture_6_Inter_and_Intra_Organizational_Business_Processes.txt', 'Lecture_9_Decision_support_for_the_management.txt', 'Lecture_7_Information_system_foundations.txt']",4,"[2647.7714285714287, 1800.3591836734695, 1693.9102040816326, 2006.4914285714285]"
165,Prof._G._B._Kumbhar,"['Components_of_Distribution_System_Substation_and_Busbar_Layouts.mp3', 'Introduction_to_Electrical_Distribution_System.mp3', 'Nature_of_Loads_in_a_Distribution_System.mp3', 'Components_of_Distribution_System_and_Feeder_Configurations.mp3']","['Introduction_to_Electrical_Distribution_System.txt', 'Nature_of_Loads_in_a_Distribution_System.txt', 'Components_of_Distribution_System_Substation_and_Busbar_Layouts.txt', 'Components_of_Distribution_System_and_Feeder_Configurations.txt']",4,"[1891.1608163265307, 1664.4702040816326, 2075.9510204081635, 1600.8620408163265]"
166,Dr._Vishal_Trivedi,"['Lec_2_Good_Lab_Practices-Part_2-.mp3', 'Lec_1_Good_Lab_Practices-Part_1-.mp3', 'Lec_4_Operation_of_Laboratory_Instruments-Part_2-.mp3', 'Lec_3_Operation_of_Laboratory_Instruments-Part_1-.mp3']","['Lec_1_Good_Lab_Practices-Part_1-.txt', 'Lec_3_Operation_of_Laboratory_Instruments-Part_1-.txt', 'Lec_2_Good_Lab_Practices-Part_2-.txt', 'Lec_4_Operation_of_Laboratory_Instruments-Part_2-.txt']",4,"[1496.9991836734694, 1576.071836734694, 1883.8987755102041, 3124.1404081632654]"
167,Prof._C_Bhaktavatsala_Rao,"['Entrepreneurial_Discovery_Part_2.mp3', 'Entrepreneurial_Discovery_Part_1.mp3', 'Entrepreneurial_Journey_Part_2.mp3', 'Entrepreneurial_Journey_Part_1.mp3', 'Entrepreneurial_Journey_Part_3.mp3']","['Entrepreneurial_Discovery_Part_2.txt', 'Entrepreneurial_Journey_Part_2.txt', 'Entrepreneurial_Journey_Part_3.txt', 'Entrepreneurial_Discovery_Part_1.txt', 'Entrepreneurial_Journey_Part_1.txt']",5,"[1701.2767346938776, 1710.3412244897959, 1718.3085714285714, 1902.1061224489797, 2392.581224489796]"
168,Prof._S._K._Dwivedy,"['Lec_3_Equilibrium_points_potential_function.mp3', 'Lec_1_Introduction_to_mechanical_systems.mp3', 'Lec_2_Superposition_rule_Commonly_used_nonlinear_equations.mp3']","['Lec_1_Introduction_to_mechanical_systems.txt', 'Lec_2_Superposition_rule_Commonly_used_nonlinear_equations.txt', 'Lec_3_Equilibrium_points_potential_function.txt']",3,"[4098.951836734694, 2642.2595918367347, 3240.280816326531]"
169,Prof._Digbijoy_N.Nath,"['Band_structure-contd-and_Fermi-Dirac_distribution.mp3', 'Fundamentals_of_band_structure.mp3', 'Introduction_to_semiconductors.mp3', 'Introduction_to_energy_bands.mp3']","['Band_structure-contd-and_Fermi-Dirac_distribution.txt', 'Introduction_to_energy_bands.txt', 'Introduction_to_semiconductors.txt', 'Fundamentals_of_band_structure.txt']",4,"[2425.6783673469386, 2012.029387755102, 1855.3208163265306, 1785.2604081632653]"
170,Dr._Merin_Simi_Raj,[],"['lec01_Introduction_Types_and_Classification_of_Robots.txt', 'lec02_Main_Elements_of_a_Robot.txt']",0,NULL
171,Prof._Ashitava_Ghosal,"['lec02_Main_Elements_of_a_Robot.mp3', 'lec01_Introduction_Types_and_Classification_of_Robots.mp3']","['mod01lec02.txt', 'mod01lec04.txt', 'mod01lec05.txt', 'mod01lec01.txt', 'mod01lec03.txt']",2,"[5370.88, 3371.049795918367]"
172,Prof._Arnab_Atta,"['mod01lec02.mp3', 'mod01lec04.mp3', 'mod01lec03.mp3', 'mod01lec05.mp3', 'mod01lec01.mp3']","['Mod-02_Lec-03_Strategic_Games_Examples.txt', 'Mod-01_Lec-02_Interacting_Decision_Makers.txt']",5,"[1704.5420408163266, 1371.7420408163266, 1743.3077551020408, 1818.4620408163266, 1586.9910204081632]"
173,Dr._Debarshi_Das,"['Mod-01_Lec-02_Interacting_Decision_Makers.mp3', 'Mod-02_Lec-03_Strategic_Games_Examples.mp3']","['Mod-01_Lec-02_Linear_vector_space_and_matrices.txt', 'Mod-01_Lec-03_Determinants_trace_and_special_matrices.txt', 'Mod-01_Lec-04_Linear_first_order_differential_equations.txt']",2,"[3793.9983673469387, 3747.4220408163264]"
174,Prof._K._Mangala_Sunder,"['Mod-01_Lec-02_Linear_vector_space_and_matrices.mp3', 'Mod-01_Lec-04_Linear_first_order_differential_equations.mp3', 'Mod-01_Lec-03_Determinants_trace_and_special_matrices.mp3']","['Lecture_4_Factor_group_Homomorphism_Isomorphism.txt', 'Lecture_1_Introduction_I.txt', 'Lecture_3_Normal_subgroup_Coset_Conjugate_group.txt', 'Lecture_2_Introduction_II.txt']",3,"[3469.6881632653062, 3311.856326530612, 3577.8873469387754]"
175,Prof._Ramadevi,"['Lecture_3_Normal_subgroup_Coset_Conjugate_group.mp3', 'Lecture_1_Introduction_I.mp3', 'Lecture_4_Factor_group_Homomorphism_Isomorphism.mp3', 'Lecture_2_Introduction_II.mp3']","['Transformer_equivalent_circuit_parameter_determination.txt', 'Transformers-Amp-Turn_Balance_Ideal_and_practical_transformers.txt', 'Transformer_Equivalent_circuit_and_Reducing_leakage.txt']",4,"[1326.8897959183673, 3086.210612244898, 1946.4097959183673, 1198.210612244898]"
176,Prof._G._Bhuvaneshwari,"['Transformer_equivalent_circuit_parameter_determination.mp3', 'Transformers-Amp-Turn_Balance_Ideal_and_practical_transformers.mp3', 'Transformer_Equivalent_circuit_and_Reducing_leakage.mp3']","['A_Course_on_Bio-physical_Chemistry.txt', 'Secondary_Structure_of_Proteins-Contd-.txt', 'Hydrophobic_Effect.txt']",3,"[2724.3102040816325, 3238.8963265306124, 3672.6073469387757]"
177,Dr._Pramit_Chowdhary,"['Hydrophobic_Effect.mp3', 'Secondary_Structure_of_Proteins-Contd-.mp3', 'A_Course_on_Bio-physical_Chemistry.mp3']","['Lecture_1_Introduction.txt', 'Lecture_4_Sound_Wave_Propagation_in_Fluid-III.txt', 'Lecture_3_Sound_Wave_Propagation_in_Fluid-II.txt', 'Lecture_2_Sound_Wave_Propagation_in_Fluid-I.txt']",3,"[3329.7502040816325, 3346.442448979592, 3107.2914285714287]"
178,Prof._Sneha_Singh,"['Lecture_1_Introduction.mp3', 'Lecture_3_Sound_Wave_Propagation_in_Fluid-II.mp3', 'Lecture_2_Sound_Wave_Propagation_in_Fluid-I.mp3', 'Lecture_4_Sound_Wave_Propagation_in_Fluid-III.mp3']","['Lecture_05_Operations_Strategy.txt', 'Lecture_03_Operations_Management_Functions_and_Scope.txt', 'Lecture_02_Operations_Management_Objectives.txt', 'Lecture_04_Types_of_Production_Systems.txt']",4,"[1655.6408163265305, 2016.4702040816326, 1952.9926530612245, 2012.4995918367347]"
179,Dr._Inderdeep_Singh,"['Lecture_03_Operations_Management_Functions_and_Scope.mp3', 'Lecture_05_Operations_Strategy.mp3', 'Lecture_04_Types_of_Production_Systems.mp3', 'Lecture_02_Operations_Management_Objectives.mp3']","['Mod-01_Lec-04_Senmon_wa_nan_desu_ka-What_is_your_specialization-.txt', 'Mod-01_Lec-02_Jiko_shoukai-Self_introduction-.txt', 'Mod-01_Lec-03_Dochira_kara_desu_ka-Where_are_you_from-.txt']",4,"[1874.3379591836735, 2005.0808163265306, 2001.7110204081632, 1904.3265306122448]"
180,Mrs.Vatsala_Misra,"['Mod-01_Lec-02_Jiko_shoukai-Self_introduction-.mp3', 'Mod-01_Lec-04_Senmon_wa_nan_desu_ka-What_is_your_specialization-.mp3', 'Mod-01_Lec-03_Dochira_kara_desu_ka-Where_are_you_from-.mp3']","['Mod-12_Lec-05_DC_Model_of_a_Large_MOSFET_Surface_Potential_and_VT_Based_Solutions_of_IDS.txt', 'Mod-12_Lec-02_DC_Model_of_a_Large_MOSFET_Surface_Potential_and_VT_Based_Solutions_of_IDS.txt', 'Mod-12_Lec-06_DC_Model_of_a_Large_MOSFET_Surface_Potential_and_VT_Based_Solutions_of_IDS.txt']",3,"[3219.9314285714286, 3443.591836734694, 3281.8416326530614]"
181,Prof._Shreepad_Karmalkar,"['Mod-12_Lec-02_DC_Model_of_a_Large_MOSFET_Surface_Potential_and_VT_Based_Solutions_of_IDS.mp3', 'Mod-12_Lec-06_DC_Model_of_a_Large_MOSFET_Surface_Potential_and_VT_Based_Solutions_of_IDS.mp3', 'Mod-12_Lec-05_DC_Model_of_a_Large_MOSFET_Surface_Potential_and_VT_Based_Solutions_of_IDS.mp3']","['Lecture-2_Instructonal_Objectives.txt', 'Lecture-3_Eye_and_Vision_I.txt', 'Lecture-4_Eye_and_Vision_II.txt']",3,"[3026.9910204081634, 3708.499591836735, 3201.5673469387757]"
182,Prof._N.K._Kishore,"['Lecture-3_Eye_and_Vision_I.mp3', 'Lecture-4_Eye_and_Vision_II.mp3', 'Lecture-2_Instructonal_Objectives.mp3']","['Lecture_03_Basic_Concepts_Examples-Contd-.txt', 'Lecture_02_Basic_Concepts_Examples-Contd-.txt', 'Lecture_04_Basic_Concepts_Examples-Contd-.txt', 'Lecture_05_Basic_Laws.txt']",3,"[3174.269387755102, 2707.4089795918367, 2933.577142857143]"
183,Prof._Debapriya_Das,"['Lecture_04_Basic_Concepts_Examples-Contd-.mp3', 'Lecture_02_Basic_Concepts_Examples-Contd-.mp3', 'Lecture_03_Basic_Concepts_Examples-Contd-.mp3', 'Lecture_05_Basic_Laws.mp3']","['mod01lec02.txt', 'mod01lec01.txt']",4,"[2052.4408163265307, 2319.621224489796, 1469.6489795918367, 1950.667755102041]"
184,Prof._Uma_Maheswari,"['mod01lec02.mp3', 'mod01lec01.mp3']","['First_Law_of_Thermodynamics.txt', 'Second_Law_of_Thermodynamics-Contd-.txt', 'Introduction-Contd-.txt', 'Second_Law_of_Thermodynamics.txt']",2,"[2837.629387755102, 4980.53224489796]"
185,Prof_gargi_das,"['Introduction-Contd-.mp3', 'Second_Law_of_Thermodynamics.mp3', 'Second_Law_of_Thermodynamics-Contd-.mp3', 'First_Law_of_Thermodynamics.mp3']","['Interior-Architecture_and_Craft_and_Technology_Exploring_Applications.txt', 'Interior-Architecture_Definition_and_Understanding.txt', 'Summary_and_Discourse.txt', 'Interior-Architecture_and_Craft_and_Technology_Establishing_Inter-Relationships.txt', 'Craft_Definition_and_Understanding-Varied_Perspectives_on_Art_and_Craft-.txt']",4,"[1777.8416326530612, 1823.686530612245, 1605.4073469387756, 1843.591836734694]"
186,Prof._Smriti_Saraswat,"['Summary_and_Discourse.mp3', 'Interior-Architecture_Definition_and_Understanding.mp3', 'Interior-Architecture_and_Craft_and_Technology_Exploring_Applications.mp3', 'Craft_Definition_and_Understanding-Varied_Perspectives_on_Art_and_Craft-.mp3', 'Interior-Architecture_and_Craft_and_Technology_Establishing_Inter-Relationships.mp3']","['Mod-01_Lec-04_Interaction_of_Matter_with_Radiation.txt', 'Mod-01_Lec-03_Physical_Properties_of_Electromagnetic_Radiation.txt', 'Mod-01_Lec-02_Atomic_Structure.txt']",5,"[1703.4710204081632, 1773.6620408163265, 1412.2318367346938, 1623.7191836734694, 1532.8914285714286]"
187,Dr._J.R._Mudakavi,"['Mod-01_Lec-02_Atomic_Structure.mp3', 'Mod-01_Lec-03_Physical_Properties_of_Electromagnetic_Radiation.mp3', 'Mod-01_Lec-04_Interaction_of_Matter_with_Radiation.mp3']","['noc19-mm04_Lecture_03-Atmospheric_Effects_on_Solar_Radiation.txt', 'noc19-mm04_Lecture_01-Introduction_to_Solar_Energy.txt', 'noc19-mm04_Lecture_02-Solar_Radiation.txt', 'noc19-mm04_Lecture_04-Effects_of_Location_on_Time.txt']",3,"[3286.8571428571427, 2756.101224489796, 3265.5412244897957]"
188,Prof_Ashish_Garg,"['noc19-mm04_Lecture_01-Introduction_to_Solar_Energy.mp3', 'noc19-mm04_Lecture_03-Atmospheric_Effects_on_Solar_Radiation.mp3', 'noc19-mm04_Lecture_04-Effects_of_Location_on_Time.mp3', 'noc19-mm04_Lecture_02-Solar_Radiation.mp3']","['mod01lec02.txt', 'mod01lec04.txt', 'mod01lec05.txt', 'mod01lec01.txt', 'mod01lec03.txt']",4,"[2184.280816326531, 1816.0326530612244, 1676.8, 1754.3314285714287]"
189,Prof._Mira_Mitra,"['mod01lec02.mp3', 'mod01lec04.mp3', 'mod01lec03.mp3', 'mod01lec05.mp3', 'mod01lec01.mp3']","['Mod-01_Lec-04_Test_Case_Designa_and_procedures.txt', 'Mod-01_Lec-02_Embedded_Systems_BAsics_Session_1_Contd.txt', 'Mod-01_Lec-03_Prerequistics_for_Embedded_Systems_Testing.txt']",5,"[1554.1289795918367, 1798.7918367346938, 1821.3877551020407, 1668.5191836734693, 1836.7477551020409]"
190,Madhukeshwara_H_M,"['Mod-01_Lec-03_Prerequistics_for_Embedded_Systems_Testing.mp3', 'Mod-01_Lec-02_Embedded_Systems_BAsics_Session_1_Contd.mp3', 'Mod-01_Lec-04_Test_Case_Designa_and_procedures.mp3']","['Utilitarianism.txt', 'Consequentialism_Rule_Act.txt', 'Consequentialism_Introduction.txt', 'Hedonism.txt', 'Introduction_to_Ethics_An_assessment_of_Ethical_relativism.txt']",3,"[3672.32, 2823.941224489796, 5460.688979591837]"
191,Prof._Vineet_Sahu,"['Utilitarianism.mp3', 'Introduction_to_Ethics_An_assessment_of_Ethical_relativism.mp3', 'Consequentialism_Introduction.mp3', 'Consequentialism_Rule_Act.mp3', 'Hedonism.mp3']","['Mod-01_Lec-04_Properties_of_Divided_Difference.txt', 'Mod-01_Lec-03_Interpolating_Polynomials.txt', 'Mod-01_Lec-02_Polynomial_Approximation.txt']",5,"[3652.5714285714284, 1005.4791836734694, 2017.7502040816325, 998.7918367346939, 1748.166530612245]"
192,Prof._Rekha_P._Kulkarni,"['Mod-01_Lec-02_Polynomial_Approximation.mp3', 'Mod-01_Lec-04_Properties_of_Divided_Difference.mp3', 'Mod-01_Lec-03_Interpolating_Polynomials.mp3']","['Mod-01_Lec-05_Advance_Analytical_Course.txt', 'Mod-01_Lec-02_Advance_Analytical_Course.txt', 'Mod-01_Lec-03_Advance_Analytical_Course.txt', 'Mod-01_Lec-04_Advance_Analytical_Course.txt']",3,"[2864.509387755102, 2950.922448979592, 2926.6808163265305]"
193,Prof._Padma_Vankar,"['Mod-01_Lec-03_Advance_Analytical_Course.mp3', 'Mod-01_Lec-04_Advance_Analytical_Course.mp3', 'Mod-01_Lec-02_Advance_Analytical_Course.mp3', 'Mod-01_Lec-05_Advance_Analytical_Course.mp3']","['Mod-01_Lec-03_The_Langevin_model-Part_2-.txt', 'Mod-01_Lec-04_The_Langevin_model-Part_3-.txt', 'Mod-01_Lec-02_The_Langevin_model-Part_1-.txt']",4,"[2416.509387755102, 2405.642448979592, 1648.4571428571428, 2274.951836734694]"
194,V._Balakrishnan,"['Mod-01_Lec-02_The_Langevin_model-Part_1-.mp3', 'Mod-01_Lec-03_The_Langevin_model-Part_2-.mp3', 'Mod-01_Lec-04_The_Langevin_model-Part_3-.mp3']","['Lecture_03_Sustainability_and_Sustainable_Development.txt', 'Lecture_04_Historic_Origins_of_Sustainability.txt', 'Lecture_02_Buildings_Needs_and_Sustainability.txt', 'Lecture_01_Introduction_to_Sustainability.txt']",3,"[3094.831020408163, 3029.159183673469, 3382.0473469387757]"
195,Prof._Avlokita_Agrawal,"['Lecture_03_Sustainability_and_Sustainable_Development.mp3', 'Lecture_04_Historic_Origins_of_Sustainability.mp3', 'Lecture_01_Introduction_to_Sustainability.mp3', 'Lecture_02_Buildings_Needs_and_Sustainability.mp3']","['Lecture_03_Limits_for_multivariable_functions-II.txt', 'Lecture_04_Continuity_of_multivariable_functions.txt', 'Lecture_02_Limits_for_multivariable_functions-I.txt', 'Lecture_05_Partial_Derivatives-I.txt']",4,"[2268.081632653061, 2068.8718367346937, 1652.6889795918366, 2167.5363265306123]"
196,Prof_S.K_Gupta_and_Dr._Sanjeev_Kumar,"['Lecture_05_Partial_Derivatives-I.mp3', 'Lecture_04_Continuity_of_multivariable_functions.mp3', 'Lecture_02_Limits_for_multivariable_functions-I.mp3', 'Lecture_03_Limits_for_multivariable_functions-II.mp3']","['Lecture-4_Asymptotic_Notation.txt', 'Lecture-3_Algorithms_Analysis_Framework-II.txt', 'Lecture-2_Framework_for_Algorithms_Analysis.txt']",4,"[2366.9812244897957, 1114.4097959183673, 1563.9510204081632, 2121.430204081633]"
197,Prof.Abhiram_Ranade,"['Lecture-3_Algorithms_Analysis_Framework-II.mp3', 'Lecture-4_Asymptotic_Notation.mp3', 'Lecture-2_Framework_for_Algorithms_Analysis.mp3']","['Tutorial_I.txt', 'Tutorial_II.txt', 'Lecture_35_Tutorial_VI.txt', 'Lecture_22_Tutorial_IV.txt', 'Lecture_17_Tutorial_III.txt']",3,"[3140.989387755102, 3154.54693877551, 3331.6310204081633]"
198,Anirban,"['Lecture_35_Tutorial_VI.mp3', 'Lecture_22_Tutorial_IV.mp3', 'Tutorial_II.mp3', 'Lecture_17_Tutorial_III.mp3', 'Tutorial_I.mp3']","['Interplay_of_Languages_and_Forms_of_Writing.txt', 'In_Conversation_with_Richard_Schechner.txt', 'Multilingual_Plurality_Our_Environment.txt']",5,"[2422.3608163265308, 2350.288979591837, 1463.9804081632653, 2230.6220408163267, 2486.6220408163267]"
199,Prof._Neelima_Talwar,"['Multilingual_Plurality_Our_Environment.mp3', 'In_Conversation_with_Richard_Schechner.mp3', 'Interplay_of_Languages_and_Forms_of_Writing.mp3']",,3,"[1544.96, 1852.029387755102, 2674.390204081633]"
